1;desktop;https://www.kabum.com.br;0;92;234;4677
1;iphone;https://www.kabum.com.br;0;34;67;4544
1;desktop;https://www.pichau.com.br;0;57;330;1728
1;iphone;https://www.pichau.com.br;0;66;382;2399
1;desktop;https://www.amazon.com.br;0;91;526;1012
1;iphone;https://www.amazon.com.br;0;69;841;1132
1;desktop;https://www.magazineluiza.com.br;0;73;181;3888
1;iphone;https://www.magazineluiza.com.br;0;59;71;3313
1;desktop;https://www.kabum.com.br/lancamentos;0;36;608;2996
1;iphone;https://www.kabum.com.br/lancamentos;0;39;441;3141
1;desktop;https://www.pichau.com.br/kit-upgrade;0;43;514;2310
1;iphone;https://www.pichau.com.br/kit-upgrade;0;25;764;2346
1;desktop;https://www.amazon.com.br/Livros/b/?ie=UTF8&node=6740748011&ref_=nav_cs_books;0;66;476;959
1;iphone;https://www.amazon.com.br/Livros/b/?ie=UTF8&node=6740748011&ref_=nav_cs_books;250;252;1016;1911
1;desktop;https://www.magazineluiza.com.br/celulares-e-smartphones/l/te/;0;63;114;8227
1;iphone;https://www.magazineluiza.com.br/celulares-e-smartphones/l/te/;0;66;92;3573
1;desktop;https://www.kabum.com.br/perifericos/teclado-mouse;0;41;618;3037
1;iphone;https://www.kabum.com.br/perifericos/teclado-mouse;0;30;756;3671
1;desktop;https://www.pichau.com.br/search?q=mouse;0;31;467;2338
1;iphone;https://www.pichau.com.br/search?q=mouse;0;30;484;1719
1;desktop;https://www.amazon.com.br/s?k=sony&__mk_pt_BR=%C3%85M%C3%85%C5%BD%C3%95%C3%91&crid=39DHSDR8LN8N7&sprefix=sony%2Caps%2C214&ref=nb_sb_noss_2;0;50;1113;1929
1;iphone;https://www.amazon.com.br/s?k=sony&__mk_pt_BR=%C3%85M%C3%85%C5%BD%C3%95%C3%91&crid=39DHSDR8LN8N7&sprefix=sony%2Caps%2C214&ref=nb_sb_noss_2;0;38;1376;1681
1;desktop;https://www.magazineluiza.com.br/busca/teclado/;0;64;4533;8696
1;iphone;https://www.magazineluiza.com.br/busca/teclado/;0;63;2414;7108
1;desktop;https://www.kabum.com.br/produto/415702/teclado-e-mouse-sem-fio-dell-km3322w-usb-abnt2-preto-580-bbbb;0;36;322;2885
1;iphone;https://www.kabum.com.br/produto/415702/teclado-e-mouse-sem-fio-dell-km3322w-usb-abnt2-preto-580-bbbb;0;27;251;2680
1;desktop;https://www.kabum.com.br/produto/519619/kit-smartphone-samsung-galaxy-s24-512gb-12gb-creme-smartwatch-samsung-galaxy-watch6-bt-44mm;0;39;279;3244
1;iphone;https://www.kabum.com.br/produto/519619/kit-smartphone-samsung-galaxy-s24-512gb-12gb-creme-smartwatch-samsung-galaxy-watch6-bt-44mm;0;34;702;2886
1;desktop;https://www.pichau.com.br/mouse-logitech-pop-mouse-4000dpi-4-botoes-rosa-heartbreaker-910-006551;0;30;347;1954
1;iphone;https://www.pichau.com.br/mouse-logitech-pop-mouse-4000dpi-4-botoes-rosa-heartbreaker-910-006551;0;145;483;3004
1;desktop;https://www.amazon.com.br/jardim-secreto-integral-Cl%C3%A1ssicos-Aut%C3%AAntica/dp/6586040388/?_encoding=UTF8&_encoding=UTF8&ref_=dlx_deals_sc_dcl_img_dt_dealz_tdwdg&pd_rd_w=ldAXT&content-id=amzn1.sym.1ed65279-b37e-40df-aa20-e31d0af03a37&pf_rd_p=1ed65279-b37e-40df-aa20-e31d0af03a37&pf_rd_r=EF4999Z3VD9CBHZTEZDC&pd_rd_wg=iZTDR&pd_rd_r=b434f122-84ed-4f86-8991-0578f6577bb3;0;54;191;678
1;iphone;https://www.amazon.com.br/jardim-secreto-integral-Cl%C3%A1ssicos-Aut%C3%AAntica/dp/6586040388/?_encoding=UTF8&_encoding=UTF8&ref_=dlx_deals_sc_dcl_img_dt_dealz_tdwdg&pd_rd_w=ldAXT&content-id=amzn1.sym.1ed65279-b37e-40df-aa20-e31d0af03a37&pf_rd_p=1ed65279-b37e-40df-aa20-e31d0af03a37&pf_rd_r=EF4999Z3VD9CBHZTEZDC&pd_rd_wg=iZTDR&pd_rd_r=b434f122-84ed-4f86-8991-0578f6577bb3;0;31;2387;2905
1;desktop;https://www.magazineluiza.com.br/teclado-musical-arranjador-61-teclas-hk-935-midi-profissional-sensitive-usb-visor-lcd-fonte-bivolt-suporte-partitura-hkeyboard/p/gf006579gk/im/tear/;0;64;620;4232
1;iphone;https://www.magazineluiza.com.br/teclado-musical-arranjador-61-teclas-hk-935-midi-profissional-sensitive-usb-visor-lcd-fonte-bivolt-suporte-partitura-hkeyboard/p/gf006579gk/im/tear/;0;69;990;4324
2;desktop;https://www.kabum.com.br;0;38;71;4376
2;iphone;https://www.kabum.com.br;0;45;70;4114
2;desktop;https://www.pichau.com.br;0;50;352;1660
2;iphone;https://www.pichau.com.br;0;64;606;2140
2;desktop;https://www.amazon.com.br;0;82;490;899
2;iphone;https://www.amazon.com.br;0;36;670;866
2;desktop;https://www.magazineluiza.com.br;0;41;68;3030
2;iphone;https://www.magazineluiza.com.br;0;51;62;3108
2;desktop;https://www.kabum.com.br/lancamentos;0;27;440;3219
2;iphone;https://www.kabum.com.br/lancamentos;0;31;661;4244
2;desktop;https://www.pichau.com.br/kit-upgrade;0;42;514;2112
2;iphone;https://www.pichau.com.br/kit-upgrade;0;39;558;1977
2;desktop;https://www.amazon.com.br/Livros/b/?ie=UTF8&node=6740748011&ref_=nav_cs_books;0;96;365;792
2;iphone;https://www.amazon.com.br/Livros/b/?ie=UTF8&node=6740748011&ref_=nav_cs_books;232;234;995;1472
2;desktop;https://www.magazineluiza.com.br/celulares-e-smartphones/l/te/;0;60;95;7104
2;iphone;https://www.magazineluiza.com.br/celulares-e-smartphones/l/te/;0;75;97;3023
2;desktop;https://www.kabum.com.br/perifericos/teclado-mouse;0;41;612;6692
2;iphone;https://www.kabum.com.br/perifericos/teclado-mouse;0;35;1106;4681
2;desktop;https://www.pichau.com.br/search?q=mouse;0;35;484;2598
2;iphone;https://www.pichau.com.br/search?q=mouse;0;28;516;1776
2;desktop;https://www.amazon.com.br/s?k=sony&__mk_pt_BR=%C3%85M%C3%85%C5%BD%C3%95%C3%91&crid=39DHSDR8LN8N7&sprefix=sony%2Caps%2C214&ref=nb_sb_noss_2;0;90;306;370
2;iphone;https://www.amazon.com.br/s?k=sony&__mk_pt_BR=%C3%85M%C3%85%C5%BD%C3%95%C3%91&crid=39DHSDR8LN8N7&sprefix=sony%2Caps%2C214&ref=nb_sb_noss_2;0;37;1379;1663
2;desktop;https://www.magazineluiza.com.br/busca/teclado/;0;37;1633;6895
2;iphone;https://www.magazineluiza.com.br/busca/teclado/;0;65;1681;7702
2;desktop;https://www.kabum.com.br/produto/415702/teclado-e-mouse-sem-fio-dell-km3322w-usb-abnt2-preto-580-bbbb;0;27;285;3054
2;iphone;https://www.kabum.com.br/produto/415702/teclado-e-mouse-sem-fio-dell-km3322w-usb-abnt2-preto-580-bbbb;0;28;283;2856
2;desktop;https://www.kabum.com.br/produto/519619/kit-smartphone-samsung-galaxy-s24-512gb-12gb-creme-smartwatch-samsung-galaxy-watch6-bt-44mm;0;28;74;3177
2;iphone;https://www.kabum.com.br/produto/519619/kit-smartphone-samsung-galaxy-s24-512gb-12gb-creme-smartwatch-samsung-galaxy-watch6-bt-44mm;0;35;69;3043
2;desktop;https://www.pichau.com.br/mouse-logitech-pop-mouse-4000dpi-4-botoes-rosa-heartbreaker-910-006551;0;29;965;3284
2;iphone;https://www.pichau.com.br/mouse-logitech-pop-mouse-4000dpi-4-botoes-rosa-heartbreaker-910-006551;0;30;354;2496
2;desktop;https://www.amazon.com.br/jardim-secreto-integral-Cl%C3%A1ssicos-Aut%C3%AAntica/dp/6586040388/?_encoding=UTF8&_encoding=UTF8&ref_=dlx_deals_sc_dcl_img_dt_dealz_tdwdg&pd_rd_w=ldAXT&content-id=amzn1.sym.1ed65279-b37e-40df-aa20-e31d0af03a37&pf_rd_p=1ed65279-b37e-40df-aa20-e31d0af03a37&pf_rd_r=EF4999Z3VD9CBHZTEZDC&pd_rd_wg=iZTDR&pd_rd_r=b434f122-84ed-4f86-8991-0578f6577bb3;0;57;193;704
2;iphone;https://www.amazon.com.br/jardim-secreto-integral-Cl%C3%A1ssicos-Aut%C3%AAntica/dp/6586040388/?_encoding=UTF8&_encoding=UTF8&ref_=dlx_deals_sc_dcl_img_dt_dealz_tdwdg&pd_rd_w=ldAXT&content-id=amzn1.sym.1ed65279-b37e-40df-aa20-e31d0af03a37&pf_rd_p=1ed65279-b37e-40df-aa20-e31d0af03a37&pf_rd_r=EF4999Z3VD9CBHZTEZDC&pd_rd_wg=iZTDR&pd_rd_r=b434f122-84ed-4f86-8991-0578f6577bb3;0;40;2472;3045
2;desktop;https://www.magazineluiza.com.br/teclado-musical-arranjador-61-teclas-hk-935-midi-profissional-sensitive-usb-visor-lcd-fonte-bivolt-suporte-partitura-hkeyboard/p/gf006579gk/im/tear/;0;58;957;4589
2;iphone;https://www.magazineluiza.com.br/teclado-musical-arranjador-61-teclas-hk-935-midi-profissional-sensitive-usb-visor-lcd-fonte-bivolt-suporte-partitura-hkeyboard/p/gf006579gk/im/tear/;0;73;982;4146
3;desktop;https://www.kabum.com.br;0;45;71;4179
3;iphone;https://www.kabum.com.br;0;36;64;4513
3;desktop;https://www.pichau.com.br;0;54;339;2687
3;iphone;https://www.pichau.com.br;0;32;351;2128
3;desktop;https://www.amazon.com.br;0;44;539;930
3;iphone;https://www.amazon.com.br;0;42;786;1035
3;desktop;https://www.magazineluiza.com.br;0;63;81;3238
3;iphone;https://www.magazineluiza.com.br;0;47;66;3190
3;desktop;https://www.kabum.com.br/lancamentos;0;39;60;3449
3;iphone;https://www.kabum.com.br/lancamentos;0;32;501;3736
3;desktop;https://www.pichau.com.br/kit-upgrade;0;30;498;2309
3;iphone;https://www.pichau.com.br/kit-upgrade;0;31;492;1862
3;desktop;https://www.amazon.com.br/Livros/b/?ie=UTF8&node=6740748011&ref_=nav_cs_books;0;39;444;830
3;iphone;https://www.amazon.com.br/Livros/b/?ie=UTF8&node=6740748011&ref_=nav_cs_books;278;280;1046;1517
3;desktop;https://www.magazineluiza.com.br/celulares-e-smartphones/l/te/;0;70;891;8002
3;iphone;https://www.magazineluiza.com.br/celulares-e-smartphones/l/te/;0;60;534;3498
3;desktop;https://www.kabum.com.br/perifericos/teclado-mouse;0;43;545;3489
3;iphone;https://www.kabum.com.br/perifericos/teclado-mouse;0;49;641;3508
3;desktop;https://www.pichau.com.br/search?q=mouse;0;33;523;4836
3;iphone;https://www.pichau.com.br/search?q=mouse;0;52;480;2349
3;desktop;https://www.amazon.com.br/s?k=sony&__mk_pt_BR=%C3%85M%C3%85%C5%BD%C3%95%C3%91&crid=39DHSDR8LN8N7&sprefix=sony%2Caps%2C214&ref=nb_sb_noss_2;0;41;991;1700
3;iphone;https://www.amazon.com.br/s?k=sony&__mk_pt_BR=%C3%85M%C3%85%C5%BD%C3%95%C3%91&crid=39DHSDR8LN8N7&sprefix=sony%2Caps%2C214&ref=nb_sb_noss_2;0;41;1342;1695
3;desktop;https://www.magazineluiza.com.br/busca/teclado/;0;55;1656;5861
3;iphone;https://www.magazineluiza.com.br/busca/teclado/;0;59;1289;8677
3;desktop;https://www.kabum.com.br/produto/415702/teclado-e-mouse-sem-fio-dell-km3322w-usb-abnt2-preto-580-bbbb;0;29;401;3621
3;iphone;https://www.kabum.com.br/produto/415702/teclado-e-mouse-sem-fio-dell-km3322w-usb-abnt2-preto-580-bbbb;0;46;301;4187
3;desktop;https://www.kabum.com.br/produto/519619/kit-smartphone-samsung-galaxy-s24-512gb-12gb-creme-smartwatch-samsung-galaxy-watch6-bt-44mm;0;34;267;3181
3;iphone;https://www.kabum.com.br/produto/519619/kit-smartphone-samsung-galaxy-s24-512gb-12gb-creme-smartwatch-samsung-galaxy-watch6-bt-44mm;0;31;297;2644
3;desktop;https://www.pichau.com.br/mouse-logitech-pop-mouse-4000dpi-4-botoes-rosa-heartbreaker-910-006551;0;29;331;2403
3;iphone;https://www.pichau.com.br/mouse-logitech-pop-mouse-4000dpi-4-botoes-rosa-heartbreaker-910-006551;0;44;359;2403
3;desktop;https://www.amazon.com.br/jardim-secreto-integral-Cl%C3%A1ssicos-Aut%C3%AAntica/dp/6586040388/?_encoding=UTF8&_encoding=UTF8&ref_=dlx_deals_sc_dcl_img_dt_dealz_tdwdg&pd_rd_w=ldAXT&content-id=amzn1.sym.1ed65279-b37e-40df-aa20-e31d0af03a37&pf_rd_p=1ed65279-b37e-40df-aa20-e31d0af03a37&pf_rd_r=EF4999Z3VD9CBHZTEZDC&pd_rd_wg=iZTDR&pd_rd_r=b434f122-84ed-4f86-8991-0578f6577bb3;0;67;212;742
3;iphone;https://www.amazon.com.br/jardim-secreto-integral-Cl%C3%A1ssicos-Aut%C3%AAntica/dp/6586040388/?_encoding=UTF8&_encoding=UTF8&ref_=dlx_deals_sc_dcl_img_dt_dealz_tdwdg&pd_rd_w=ldAXT&content-id=amzn1.sym.1ed65279-b37e-40df-aa20-e31d0af03a37&pf_rd_p=1ed65279-b37e-40df-aa20-e31d0af03a37&pf_rd_r=EF4999Z3VD9CBHZTEZDC&pd_rd_wg=iZTDR&pd_rd_r=b434f122-84ed-4f86-8991-0578f6577bb3;0;34;2371;2889
3;desktop;https://www.magazineluiza.com.br/teclado-musical-arranjador-61-teclas-hk-935-midi-profissional-sensitive-usb-visor-lcd-fonte-bivolt-suporte-partitura-hkeyboard/p/gf006579gk/im/tear/;0;79;665;4275
3;iphone;https://www.magazineluiza.com.br/teclado-musical-arranjador-61-teclas-hk-935-midi-profissional-sensitive-usb-visor-lcd-fonte-bivolt-suporte-partitura-hkeyboard/p/gf006579gk/im/tear/;0;70;94;3796
4;desktop;https://www.kabum.com.br;0;32;931;4587
4;iphone;https://www.kabum.com.br;0;31;55;7100
4;desktop;https://www.pichau.com.br;0;32;344;2176
4;iphone;https://www.pichau.com.br;0;36;354;1831
4;desktop;https://www.amazon.com.br;0;81;486;1032
4;iphone;https://www.amazon.com.br;0;36;791;922
4;desktop;https://www.magazineluiza.com.br;0;68;97;2948
4;iphone;https://www.magazineluiza.com.br;0;71;123;4015
4;desktop;https://www.kabum.com.br/lancamentos;0;44;568;3367
4;iphone;https://www.kabum.com.br/lancamentos;0;32;446;3100
4;desktop;https://www.pichau.com.br/kit-upgrade;0;41;487;3293
4;iphone;https://www.pichau.com.br/kit-upgrade;0;21;570;1629
4;desktop;https://www.amazon.com.br/Livros/b/?ie=UTF8&node=6740748011&ref_=nav_cs_books;0;88;217;702
4;iphone;https://www.amazon.com.br/Livros/b/?ie=UTF8&node=6740748011&ref_=nav_cs_books;231;233;1076;1540
4;desktop;https://www.magazineluiza.com.br/celulares-e-smartphones/l/te/;0;64;1038;7468
4;iphone;https://www.magazineluiza.com.br/celulares-e-smartphones/l/te/;0;53;75;3045
4;desktop;https://www.kabum.com.br/perifericos/teclado-mouse;0;43;545;3584
4;iphone;https://www.kabum.com.br/perifericos/teclado-mouse;0;34;1099;3904
4;desktop;https://www.pichau.com.br/search?q=mouse;0;45;511;2271
4;iphone;https://www.pichau.com.br/search?q=mouse;0;133;632;1878
4;desktop;https://www.amazon.com.br/s?k=sony&__mk_pt_BR=%C3%85M%C3%85%C5%BD%C3%95%C3%91&crid=39DHSDR8LN8N7&sprefix=sony%2Caps%2C214&ref=nb_sb_noss_2;0;36;891;1763
4;iphone;https://www.amazon.com.br/s?k=sony&__mk_pt_BR=%C3%85M%C3%85%C5%BD%C3%95%C3%91&crid=39DHSDR8LN8N7&sprefix=sony%2Caps%2C214&ref=nb_sb_noss_2;0;37;1380;1659
4;desktop;https://www.magazineluiza.com.br/busca/teclado/;0;41;1203;5866
4;iphone;https://www.magazineluiza.com.br/busca/teclado/;0;58;1765;6507
4;desktop;https://www.kabum.com.br/produto/415702/teclado-e-mouse-sem-fio-dell-km3322w-usb-abnt2-preto-580-bbbb;0;30;340;3217
4;iphone;https://www.kabum.com.br/produto/415702/teclado-e-mouse-sem-fio-dell-km3322w-usb-abnt2-preto-580-bbbb;0;34;616;3329
4;desktop;https://www.kabum.com.br/produto/519619/kit-smartphone-samsung-galaxy-s24-512gb-12gb-creme-smartwatch-samsung-galaxy-watch6-bt-44mm;0;32;71;2688
4;iphone;https://www.kabum.com.br/produto/519619/kit-smartphone-samsung-galaxy-s24-512gb-12gb-creme-smartwatch-samsung-galaxy-watch6-bt-44mm;0;53;83;2544
4;desktop;https://www.pichau.com.br/mouse-logitech-pop-mouse-4000dpi-4-botoes-rosa-heartbreaker-910-006551;0;31;346;2268
4;iphone;https://www.pichau.com.br/mouse-logitech-pop-mouse-4000dpi-4-botoes-rosa-heartbreaker-910-006551;0;35;348;2141
4;desktop;https://www.amazon.com.br/jardim-secreto-integral-Cl%C3%A1ssicos-Aut%C3%AAntica/dp/6586040388/?_encoding=UTF8&_encoding=UTF8&ref_=dlx_deals_sc_dcl_img_dt_dealz_tdwdg&pd_rd_w=ldAXT&content-id=amzn1.sym.1ed65279-b37e-40df-aa20-e31d0af03a37&pf_rd_p=1ed65279-b37e-40df-aa20-e31d0af03a37&pf_rd_r=EF4999Z3VD9CBHZTEZDC&pd_rd_wg=iZTDR&pd_rd_r=b434f122-84ed-4f86-8991-0578f6577bb3;0;81;315;816
4;iphone;https://www.amazon.com.br/jardim-secreto-integral-Cl%C3%A1ssicos-Aut%C3%AAntica/dp/6586040388/?_encoding=UTF8&_encoding=UTF8&ref_=dlx_deals_sc_dcl_img_dt_dealz_tdwdg&pd_rd_w=ldAXT&content-id=amzn1.sym.1ed65279-b37e-40df-aa20-e31d0af03a37&pf_rd_p=1ed65279-b37e-40df-aa20-e31d0af03a37&pf_rd_r=EF4999Z3VD9CBHZTEZDC&pd_rd_wg=iZTDR&pd_rd_r=b434f122-84ed-4f86-8991-0578f6577bb3;0;33;2543;3111
4;desktop;https://www.magazineluiza.com.br/teclado-musical-arranjador-61-teclas-hk-935-midi-profissional-sensitive-usb-visor-lcd-fonte-bivolt-suporte-partitura-hkeyboard/p/gf006579gk/im/tear/;0;75;1059;4446
4;iphone;https://www.magazineluiza.com.br/teclado-musical-arranjador-61-teclas-hk-935-midi-profissional-sensitive-usb-visor-lcd-fonte-bivolt-suporte-partitura-hkeyboard/p/gf006579gk/im/tear/;0;74;571;4169
5;desktop;https://www.kabum.com.br;0;39;64;4717
5;iphone;https://www.kabum.com.br;0;37;66;4799
5;desktop;https://www.pichau.com.br;0;52;337;2470
5;iphone;https://www.pichau.com.br;0;34;401;1568
5;desktop;https://www.amazon.com.br;0;60;200;752
5;iphone;https://www.amazon.com.br;0;36;660;879
5;desktop;https://www.magazineluiza.com.br;0;71;97;3747
5;iphone;https://www.magazineluiza.com.br;0;53;73;3751
5;desktop;https://www.kabum.com.br/lancamentos;0;41;451;4548
5;iphone;https://www.kabum.com.br/lancamentos;0;32;1134;4466
5;desktop;https://www.pichau.com.br/kit-upgrade;0;47;537;2309
5;iphone;https://www.pichau.com.br/kit-upgrade;0;38;780;3122
5;desktop;https://www.amazon.com.br/Livros/b/?ie=UTF8&node=6740748011&ref_=nav_cs_books;0;33;423;816
5;iphone;https://www.amazon.com.br/Livros/b/?ie=UTF8&node=6740748011&ref_=nav_cs_books;233;235;1003;1528
5;desktop;https://www.magazineluiza.com.br/celulares-e-smartphones/l/te/;0;55;87;6491
5;iphone;https://www.magazineluiza.com.br/celulares-e-smartphones/l/te/;0;80;107;3410
5;desktop;https://www.kabum.com.br/perifericos/teclado-mouse;0;31;662;3365
5;iphone;https://www.kabum.com.br/perifericos/teclado-mouse;0;36;663;4334
5;desktop;https://www.pichau.com.br/search?q=mouse;0;49;529;2276
5;iphone;https://www.pichau.com.br/search?q=mouse;0;34;512;1917
5;desktop;https://www.amazon.com.br/s?k=sony&__mk_pt_BR=%C3%85M%C3%85%C5%BD%C3%95%C3%91&crid=39DHSDR8LN8N7&sprefix=sony%2Caps%2C214&ref=nb_sb_noss_2;0;38;173;242
5;iphone;https://www.amazon.com.br/s?k=sony&__mk_pt_BR=%C3%85M%C3%85%C5%BD%C3%95%C3%91&crid=39DHSDR8LN8N7&sprefix=sony%2Caps%2C214&ref=nb_sb_noss_2;0;39;1364;1688
5;desktop;https://www.magazineluiza.com.br/busca/teclado/;0;32;59;4848
5;iphone;https://www.magazineluiza.com.br/busca/teclado/;0;67;129;5252
5;desktop;https://www.kabum.com.br/produto/415702/teclado-e-mouse-sem-fio-dell-km3322w-usb-abnt2-preto-580-bbbb;0;45;298;3250
5;iphone;https://www.kabum.com.br/produto/415702/teclado-e-mouse-sem-fio-dell-km3322w-usb-abnt2-preto-580-bbbb;0;36;448;2845
5;desktop;https://www.kabum.com.br/produto/519619/kit-smartphone-samsung-galaxy-s24-512gb-12gb-creme-smartwatch-samsung-galaxy-watch6-bt-44mm;0;35;286;2950
5;iphone;https://www.kabum.com.br/produto/519619/kit-smartphone-samsung-galaxy-s24-512gb-12gb-creme-smartwatch-samsung-galaxy-watch6-bt-44mm;0;30;733;2990
5;desktop;https://www.pichau.com.br/mouse-logitech-pop-mouse-4000dpi-4-botoes-rosa-heartbreaker-910-006551;0;20;369;2280
5;iphone;https://www.pichau.com.br/mouse-logitech-pop-mouse-4000dpi-4-botoes-rosa-heartbreaker-910-006551;0;31;355;2615
5;desktop;https://www.amazon.com.br/jardim-secreto-integral-Cl%C3%A1ssicos-Aut%C3%AAntica/dp/6586040388/?_encoding=UTF8&_encoding=UTF8&ref_=dlx_deals_sc_dcl_img_dt_dealz_tdwdg&pd_rd_w=ldAXT&content-id=amzn1.sym.1ed65279-b37e-40df-aa20-e31d0af03a37&pf_rd_p=1ed65279-b37e-40df-aa20-e31d0af03a37&pf_rd_r=EF4999Z3VD9CBHZTEZDC&pd_rd_wg=iZTDR&pd_rd_r=b434f122-84ed-4f86-8991-0578f6577bb3;0;43;176;664
5;iphone;https://www.amazon.com.br/jardim-secreto-integral-Cl%C3%A1ssicos-Aut%C3%AAntica/dp/6586040388/?_encoding=UTF8&_encoding=UTF8&ref_=dlx_deals_sc_dcl_img_dt_dealz_tdwdg&pd_rd_w=ldAXT&content-id=amzn1.sym.1ed65279-b37e-40df-aa20-e31d0af03a37&pf_rd_p=1ed65279-b37e-40df-aa20-e31d0af03a37&pf_rd_r=EF4999Z3VD9CBHZTEZDC&pd_rd_wg=iZTDR&pd_rd_r=b434f122-84ed-4f86-8991-0578f6577bb3;0;31;2566;3045
5;desktop;https://www.magazineluiza.com.br/teclado-musical-arranjador-61-teclas-hk-935-midi-profissional-sensitive-usb-visor-lcd-fonte-bivolt-suporte-partitura-hkeyboard/p/gf006579gk/im/tear/;0;59;82;3830
5;iphone;https://www.magazineluiza.com.br/teclado-musical-arranjador-61-teclas-hk-935-midi-profissional-sensitive-usb-visor-lcd-fonte-bivolt-suporte-partitura-hkeyboard/p/gf006579gk/im/tear/;0;78;769;4062
6;desktop;https://www.kabum.com.br;0;43;68;4587
6;iphone;https://www.kabum.com.br;0;37;65;4808
6;desktop;https://www.pichau.com.br;0;34;363;1971
6;iphone;https://www.pichau.com.br;0;61;377;3358
6;desktop;https://www.amazon.com.br;0;70;494;914
6;iphone;https://www.amazon.com.br;0;43;701;902
6;desktop;https://www.magazineluiza.com.br;0;56;77;3669
6;iphone;https://www.magazineluiza.com.br;0;67;77;3496
6;desktop;https://www.kabum.com.br/lancamentos;0;41;69;2563
6;iphone;https://www.kabum.com.br/lancamentos;0;32;487;3291
6;desktop;https://www.pichau.com.br/kit-upgrade;0;30;475;2313
6;iphone;https://www.pichau.com.br/kit-upgrade;0;26;533;1702
6;desktop;https://www.amazon.com.br/Livros/b/?ie=UTF8&node=6740748011&ref_=nav_cs_books;0;94;484;969
6;iphone;https://www.amazon.com.br/Livros/b/?ie=UTF8&node=6740748011&ref_=nav_cs_books;238;240;1309;1751
6;desktop;https://www.magazineluiza.com.br/celulares-e-smartphones/l/te/;0;66;953;6482
6;iphone;https://www.magazineluiza.com.br/celulares-e-smartphones/l/te/;0;59;1007;4173
6;desktop;https://www.kabum.com.br/perifericos/teclado-mouse;0;52;681;3127
6;iphone;https://www.kabum.com.br/perifericos/teclado-mouse;0;33;587;3564
6;desktop;https://www.pichau.com.br/search?q=mouse;0;32;496;2328
6;iphone;https://www.pichau.com.br/search?q=mouse;0;134;613;1898
6;desktop;https://www.amazon.com.br/s?k=sony&__mk_pt_BR=%C3%85M%C3%85%C5%BD%C3%95%C3%91&crid=39DHSDR8LN8N7&sprefix=sony%2Caps%2C214&ref=nb_sb_noss_2;0;36;164;227
6;iphone;https://www.amazon.com.br/s?k=sony&__mk_pt_BR=%C3%85M%C3%85%C5%BD%C3%95%C3%91&crid=39DHSDR8LN8N7&sprefix=sony%2Caps%2C214&ref=nb_sb_noss_2;0;30;1430;1724
6;desktop;https://www.magazineluiza.com.br/busca/teclado/;0;38;2006;6500
6;iphone;https://www.magazineluiza.com.br/busca/teclado/;0;62;104;4891
6;desktop;https://www.kabum.com.br/produto/415702/teclado-e-mouse-sem-fio-dell-km3322w-usb-abnt2-preto-580-bbbb;0;38;404;4207
6;iphone;https://www.kabum.com.br/produto/415702/teclado-e-mouse-sem-fio-dell-km3322w-usb-abnt2-preto-580-bbbb;0;42;318;3195
6;desktop;https://www.kabum.com.br/produto/519619/kit-smartphone-samsung-galaxy-s24-512gb-12gb-creme-smartwatch-samsung-galaxy-watch6-bt-44mm;0;30;82;2442
6;iphone;https://www.kabum.com.br/produto/519619/kit-smartphone-samsung-galaxy-s24-512gb-12gb-creme-smartwatch-samsung-galaxy-watch6-bt-44mm;0;32;65;2838
6;desktop;https://www.pichau.com.br/mouse-logitech-pop-mouse-4000dpi-4-botoes-rosa-heartbreaker-910-006551;0;35;806;2863
6;iphone;https://www.pichau.com.br/mouse-logitech-pop-mouse-4000dpi-4-botoes-rosa-heartbreaker-910-006551;0;140;448;6586
6;desktop;https://www.amazon.com.br/jardim-secreto-integral-Cl%C3%A1ssicos-Aut%C3%AAntica/dp/6586040388/?_encoding=UTF8&_encoding=UTF8&ref_=dlx_deals_sc_dcl_img_dt_dealz_tdwdg&pd_rd_w=ldAXT&content-id=amzn1.sym.1ed65279-b37e-40df-aa20-e31d0af03a37&pf_rd_p=1ed65279-b37e-40df-aa20-e31d0af03a37&pf_rd_r=EF4999Z3VD9CBHZTEZDC&pd_rd_wg=iZTDR&pd_rd_r=b434f122-84ed-4f86-8991-0578f6577bb3;0;43;211;720
6;iphone;https://www.amazon.com.br/jardim-secreto-integral-Cl%C3%A1ssicos-Aut%C3%AAntica/dp/6586040388/?_encoding=UTF8&_encoding=UTF8&ref_=dlx_deals_sc_dcl_img_dt_dealz_tdwdg&pd_rd_w=ldAXT&content-id=amzn1.sym.1ed65279-b37e-40df-aa20-e31d0af03a37&pf_rd_p=1ed65279-b37e-40df-aa20-e31d0af03a37&pf_rd_r=EF4999Z3VD9CBHZTEZDC&pd_rd_wg=iZTDR&pd_rd_r=b434f122-84ed-4f86-8991-0578f6577bb3;0;38;2356;2827
6;desktop;https://www.magazineluiza.com.br/teclado-musical-arranjador-61-teclas-hk-935-midi-profissional-sensitive-usb-visor-lcd-fonte-bivolt-suporte-partitura-hkeyboard/p/gf006579gk/im/tear/;0;61;909;4536
6;iphone;https://www.magazineluiza.com.br/teclado-musical-arranjador-61-teclas-hk-935-midi-profissional-sensitive-usb-visor-lcd-fonte-bivolt-suporte-partitura-hkeyboard/p/gf006579gk/im/tear/;0;123;514;3777
7;desktop;https://www.kabum.com.br;0;42;65;4377
7;iphone;https://www.kabum.com.br;0;38;65;4270
7;desktop;https://www.pichau.com.br;0;43;344;1729
7;iphone;https://www.pichau.com.br;0;36;369;1459
7;desktop;https://www.amazon.com.br;0;65;491;931
7;iphone;https://www.amazon.com.br;0;47;421;557
7;desktop;https://www.magazineluiza.com.br;0;54;82;3254
7;iphone;https://www.magazineluiza.com.br;0;60;79;3560
7;desktop;https://www.kabum.com.br/lancamentos;0;26;801;3021
7;iphone;https://www.kabum.com.br/lancamentos;0;34;428;3229
7;desktop;https://www.pichau.com.br/kit-upgrade;0;29;472;2218
7;iphone;https://www.pichau.com.br/kit-upgrade;0;44;493;1885
7;desktop;https://www.amazon.com.br/Livros/b/?ie=UTF8&node=6740748011&ref_=nav_cs_books;0;69;464;827
7;iphone;https://www.amazon.com.br/Livros/b/?ie=UTF8&node=6740748011&ref_=nav_cs_books;232;234;1015;1496
7;desktop;https://www.magazineluiza.com.br/celulares-e-smartphones/l/te/;0;63;1078;6521
7;iphone;https://www.magazineluiza.com.br/celulares-e-smartphones/l/te/;0;73;103;3210
7;desktop;https://www.kabum.com.br/perifericos/teclado-mouse;0;124;632;4321
7;iphone;https://www.kabum.com.br/perifericos/teclado-mouse;0;33;890;3293
7;desktop;https://www.pichau.com.br/search?q=mouse;0;30;482;2333
7;iphone;https://www.pichau.com.br/search?q=mouse;0;29;534;1876
7;desktop;https://www.amazon.com.br/s?k=sony&__mk_pt_BR=%C3%85M%C3%85%C5%BD%C3%95%C3%91&crid=39DHSDR8LN8N7&sprefix=sony%2Caps%2C214&ref=nb_sb_noss_2;0;56;963;1675
7;iphone;https://www.amazon.com.br/s?k=sony&__mk_pt_BR=%C3%85M%C3%85%C5%BD%C3%95%C3%91&crid=39DHSDR8LN8N7&sprefix=sony%2Caps%2C214&ref=nb_sb_noss_2;0;48;1229;1621
7;desktop;https://www.magazineluiza.com.br/busca/teclado/;0;61;1058;5628
7;iphone;https://www.magazineluiza.com.br/busca/teclado/;0;65;88;4831
7;desktop;https://www.kabum.com.br/produto/415702/teclado-e-mouse-sem-fio-dell-km3322w-usb-abnt2-preto-580-bbbb;0;34;350;3174
7;iphone;https://www.kabum.com.br/produto/415702/teclado-e-mouse-sem-fio-dell-km3322w-usb-abnt2-preto-580-bbbb;0;27;268;2716
7;desktop;https://www.kabum.com.br/produto/519619/kit-smartphone-samsung-galaxy-s24-512gb-12gb-creme-smartwatch-samsung-galaxy-watch6-bt-44mm;0;44;391;2843
7;iphone;https://www.kabum.com.br/produto/519619/kit-smartphone-samsung-galaxy-s24-512gb-12gb-creme-smartwatch-samsung-galaxy-watch6-bt-44mm;0;37;280;2504
7;desktop;https://www.pichau.com.br/mouse-logitech-pop-mouse-4000dpi-4-botoes-rosa-heartbreaker-910-006551;0;42;330;3893
7;iphone;https://www.pichau.com.br/mouse-logitech-pop-mouse-4000dpi-4-botoes-rosa-heartbreaker-910-006551;0;43;404;5438
7;desktop;https://www.amazon.com.br/jardim-secreto-integral-Cl%C3%A1ssicos-Aut%C3%AAntica/dp/6586040388/?_encoding=UTF8&_encoding=UTF8&ref_=dlx_deals_sc_dcl_img_dt_dealz_tdwdg&pd_rd_w=ldAXT&content-id=amzn1.sym.1ed65279-b37e-40df-aa20-e31d0af03a37&pf_rd_p=1ed65279-b37e-40df-aa20-e31d0af03a37&pf_rd_r=EF4999Z3VD9CBHZTEZDC&pd_rd_wg=iZTDR&pd_rd_r=b434f122-84ed-4f86-8991-0578f6577bb3;0;36;303;801
7;iphone;https://www.amazon.com.br/jardim-secreto-integral-Cl%C3%A1ssicos-Aut%C3%AAntica/dp/6586040388/?_encoding=UTF8&_encoding=UTF8&ref_=dlx_deals_sc_dcl_img_dt_dealz_tdwdg&pd_rd_w=ldAXT&content-id=amzn1.sym.1ed65279-b37e-40df-aa20-e31d0af03a37&pf_rd_p=1ed65279-b37e-40df-aa20-e31d0af03a37&pf_rd_r=EF4999Z3VD9CBHZTEZDC&pd_rd_wg=iZTDR&pd_rd_r=b434f122-84ed-4f86-8991-0578f6577bb3;0;32;2836;3287
7;desktop;https://www.magazineluiza.com.br/teclado-musical-arranjador-61-teclas-hk-935-midi-profissional-sensitive-usb-visor-lcd-fonte-bivolt-suporte-partitura-hkeyboard/p/gf006579gk/im/tear/;0;56;2220;6108
7;iphone;https://www.magazineluiza.com.br/teclado-musical-arranjador-61-teclas-hk-935-midi-profissional-sensitive-usb-visor-lcd-fonte-bivolt-suporte-partitura-hkeyboard/p/gf006579gk/im/tear/;0;66;1274;4354
8;desktop;https://www.kabum.com.br;0;43;70;4579
8;iphone;https://www.kabum.com.br;0;37;65;4348
8;desktop;https://www.pichau.com.br;0;20;339;1864
8;iphone;https://www.pichau.com.br;0;36;372;1623
8;desktop;https://www.amazon.com.br;0;83;227;723
8;iphone;https://www.amazon.com.br;0;39;770;955
8;desktop;https://www.magazineluiza.com.br;0;61;83;3433
8;iphone;https://www.magazineluiza.com.br;0;61;75;3548
8;desktop;https://www.kabum.com.br/lancamentos;0;39;519;3351
8;iphone;https://www.kabum.com.br/lancamentos;0;31;506;3213
8;desktop;https://www.pichau.com.br/kit-upgrade;0;19;532;2130
8;iphone;https://www.pichau.com.br/kit-upgrade;0;28;503;1890
8;desktop;https://www.amazon.com.br/Livros/b/?ie=UTF8&node=6740748011&ref_=nav_cs_books;0;55;183;679
8;iphone;https://www.amazon.com.br/Livros/b/?ie=UTF8&node=6740748011&ref_=nav_cs_books;230;232;994;1523
8;desktop;https://www.magazineluiza.com.br/celulares-e-smartphones/l/te/;timeout;timeout;timeout;timeout
8;iphone;https://www.magazineluiza.com.br/celulares-e-smartphones/l/te/;0;58;643;3987
8;desktop;https://www.kabum.com.br/perifericos/teclado-mouse;0;177;979;3993
8;iphone;https://www.kabum.com.br/perifericos/teclado-mouse;0;35;1038;4418
8;desktop;https://www.pichau.com.br/search?q=mouse;0;45;496;2032
8;iphone;https://www.pichau.com.br/search?q=mouse;0;130;610;1790
8;desktop;https://www.amazon.com.br/s?k=sony&__mk_pt_BR=%C3%85M%C3%85%C5%BD%C3%95%C3%91&crid=39DHSDR8LN8N7&sprefix=sony%2Caps%2C214&ref=nb_sb_noss_2;0;38;167;234
8;iphone;https://www.amazon.com.br/s?k=sony&__mk_pt_BR=%C3%85M%C3%85%C5%BD%C3%95%C3%91&crid=39DHSDR8LN8N7&sprefix=sony%2Caps%2C214&ref=nb_sb_noss_2;0;280;1478;1879
8;desktop;https://www.magazineluiza.com.br/busca/teclado/;0;38;2694;7159
8;iphone;https://www.magazineluiza.com.br/busca/teclado/;0;63;111;4980
8;desktop;https://www.kabum.com.br/produto/415702/teclado-e-mouse-sem-fio-dell-km3322w-usb-abnt2-preto-580-bbbb;0;30;288;3108
8;iphone;https://www.kabum.com.br/produto/415702/teclado-e-mouse-sem-fio-dell-km3322w-usb-abnt2-preto-580-bbbb;0;30;588;2925
8;desktop;https://www.kabum.com.br/produto/519619/kit-smartphone-samsung-galaxy-s24-512gb-12gb-creme-smartwatch-samsung-galaxy-watch6-bt-44mm;0;28;66;2613
8;iphone;https://www.kabum.com.br/produto/519619/kit-smartphone-samsung-galaxy-s24-512gb-12gb-creme-smartwatch-samsung-galaxy-watch6-bt-44mm;0;31;68;2347
8;desktop;https://www.pichau.com.br/mouse-logitech-pop-mouse-4000dpi-4-botoes-rosa-heartbreaker-910-006551;0;60;344;5436
8;iphone;https://www.pichau.com.br/mouse-logitech-pop-mouse-4000dpi-4-botoes-rosa-heartbreaker-910-006551;0;26;593;3026
8;desktop;https://www.amazon.com.br/jardim-secreto-integral-Cl%C3%A1ssicos-Aut%C3%AAntica/dp/6586040388/?_encoding=UTF8&_encoding=UTF8&ref_=dlx_deals_sc_dcl_img_dt_dealz_tdwdg&pd_rd_w=ldAXT&content-id=amzn1.sym.1ed65279-b37e-40df-aa20-e31d0af03a37&pf_rd_p=1ed65279-b37e-40df-aa20-e31d0af03a37&pf_rd_r=EF4999Z3VD9CBHZTEZDC&pd_rd_wg=iZTDR&pd_rd_r=b434f122-84ed-4f86-8991-0578f6577bb3;0;52;271;773
8;iphone;https://www.amazon.com.br/jardim-secreto-integral-Cl%C3%A1ssicos-Aut%C3%AAntica/dp/6586040388/?_encoding=UTF8&_encoding=UTF8&ref_=dlx_deals_sc_dcl_img_dt_dealz_tdwdg&pd_rd_w=ldAXT&content-id=amzn1.sym.1ed65279-b37e-40df-aa20-e31d0af03a37&pf_rd_p=1ed65279-b37e-40df-aa20-e31d0af03a37&pf_rd_r=EF4999Z3VD9CBHZTEZDC&pd_rd_wg=iZTDR&pd_rd_r=b434f122-84ed-4f86-8991-0578f6577bb3;0;26;2466;2997
8;desktop;https://www.magazineluiza.com.br/teclado-musical-arranjador-61-teclas-hk-935-midi-profissional-sensitive-usb-visor-lcd-fonte-bivolt-suporte-partitura-hkeyboard/p/gf006579gk/im/tear/;0;47;577;4303
8;iphone;https://www.magazineluiza.com.br/teclado-musical-arranjador-61-teclas-hk-935-midi-profissional-sensitive-usb-visor-lcd-fonte-bivolt-suporte-partitura-hkeyboard/p/gf006579gk/im/tear/;0;62;84;3416
9;desktop;https://www.kabum.com.br;0;48;74;4392
9;iphone;https://www.kabum.com.br;0;39;66;4122
9;desktop;https://www.pichau.com.br;0;52;347;2320
9;iphone;https://www.pichau.com.br;0;29;349;1588
9;desktop;https://www.amazon.com.br;0;68;713;1104
9;iphone;https://www.amazon.com.br;0;41;774;899
9;desktop;https://www.magazineluiza.com.br;0;56;86;3077
9;iphone;https://www.magazineluiza.com.br;0;122;134;3432
9;desktop;https://www.kabum.com.br/lancamentos;0;51;625;3397
9;iphone;https://www.kabum.com.br/lancamentos;0;48;626;3242
9;desktop;https://www.pichau.com.br/kit-upgrade;0;28;561;2182
9;iphone;https://www.pichau.com.br/kit-upgrade;0;47;497;1915
9;desktop;https://www.amazon.com.br/Livros/b/?ie=UTF8&node=6740748011&ref_=nav_cs_books;0;57;450;829
9;iphone;https://www.amazon.com.br/Livros/b/?ie=UTF8&node=6740748011&ref_=nav_cs_books;243;245;962;1560
9;desktop;https://www.magazineluiza.com.br/celulares-e-smartphones/l/te/;0;62;1317;6474
9;iphone;https://www.magazineluiza.com.br/celulares-e-smartphones/l/te/;0;59;83;3509
9;desktop;https://www.kabum.com.br/perifericos/teclado-mouse;0;33;968;3342
9;iphone;https://www.kabum.com.br/perifericos/teclado-mouse;0;34;551;3511
9;desktop;https://www.pichau.com.br/search?q=mouse;0;43;509;6306
9;iphone;https://www.pichau.com.br/search?q=mouse;0;32;540;1862
9;desktop;https://www.amazon.com.br/s?k=sony&__mk_pt_BR=%C3%85M%C3%85%C5%BD%C3%95%C3%91&crid=39DHSDR8LN8N7&sprefix=sony%2Caps%2C214&ref=nb_sb_noss_2;0;47;197;267
9;iphone;https://www.amazon.com.br/s?k=sony&__mk_pt_BR=%C3%85M%C3%85%C5%BD%C3%95%C3%91&crid=39DHSDR8LN8N7&sprefix=sony%2Caps%2C214&ref=nb_sb_noss_2;0;35;1243;1635
9;desktop;https://www.magazineluiza.com.br/busca/teclado/;0;41;72;4489
9;iphone;https://www.magazineluiza.com.br/busca/teclado/;0;54;1509;5954
9;desktop;https://www.kabum.com.br/produto/415702/teclado-e-mouse-sem-fio-dell-km3322w-usb-abnt2-preto-580-bbbb;0;42;515;4511
9;iphone;https://www.kabum.com.br/produto/415702/teclado-e-mouse-sem-fio-dell-km3322w-usb-abnt2-preto-580-bbbb;0;28;271;3124
9;desktop;https://www.kabum.com.br/produto/519619/kit-smartphone-samsung-galaxy-s24-512gb-12gb-creme-smartwatch-samsung-galaxy-watch6-bt-44mm;0;34;309;2782
9;iphone;https://www.kabum.com.br/produto/519619/kit-smartphone-samsung-galaxy-s24-512gb-12gb-creme-smartwatch-samsung-galaxy-watch6-bt-44mm;0;31;245;2982
9;desktop;https://www.pichau.com.br/mouse-logitech-pop-mouse-4000dpi-4-botoes-rosa-heartbreaker-910-006551;0;22;460;2169
9;iphone;https://www.pichau.com.br/mouse-logitech-pop-mouse-4000dpi-4-botoes-rosa-heartbreaker-910-006551;0;25;307;1866
9;desktop;https://www.amazon.com.br/jardim-secreto-integral-Cl%C3%A1ssicos-Aut%C3%AAntica/dp/6586040388/?_encoding=UTF8&_encoding=UTF8&ref_=dlx_deals_sc_dcl_img_dt_dealz_tdwdg&pd_rd_w=ldAXT&content-id=amzn1.sym.1ed65279-b37e-40df-aa20-e31d0af03a37&pf_rd_p=1ed65279-b37e-40df-aa20-e31d0af03a37&pf_rd_r=EF4999Z3VD9CBHZTEZDC&pd_rd_wg=iZTDR&pd_rd_r=b434f122-84ed-4f86-8991-0578f6577bb3;0;57;203;745
9;iphone;https://www.amazon.com.br/jardim-secreto-integral-Cl%C3%A1ssicos-Aut%C3%AAntica/dp/6586040388/?_encoding=UTF8&_encoding=UTF8&ref_=dlx_deals_sc_dcl_img_dt_dealz_tdwdg&pd_rd_w=ldAXT&content-id=amzn1.sym.1ed65279-b37e-40df-aa20-e31d0af03a37&pf_rd_p=1ed65279-b37e-40df-aa20-e31d0af03a37&pf_rd_r=EF4999Z3VD9CBHZTEZDC&pd_rd_wg=iZTDR&pd_rd_r=b434f122-84ed-4f86-8991-0578f6577bb3;0;37;2340;2762
9;desktop;https://www.magazineluiza.com.br/teclado-musical-arranjador-61-teclas-hk-935-midi-profissional-sensitive-usb-visor-lcd-fonte-bivolt-suporte-partitura-hkeyboard/p/gf006579gk/im/tear/;0;81;809;4183
9;iphone;https://www.magazineluiza.com.br/teclado-musical-arranjador-61-teclas-hk-935-midi-profissional-sensitive-usb-visor-lcd-fonte-bivolt-suporte-partitura-hkeyboard/p/gf006579gk/im/tear/;0;65;556;3828
10;desktop;https://www.kabum.com.br;0;56;85;4398
10;iphone;https://www.kabum.com.br;0;39;64;4187
10;desktop;https://www.pichau.com.br;0;49;331;2643
10;iphone;https://www.pichau.com.br;0;26;351;1593
10;desktop;https://www.amazon.com.br;0;63;214;750
10;iphone;https://www.amazon.com.br;0;48;678;850
10;desktop;https://www.magazineluiza.com.br;0;65;82;3365
10;iphone;https://www.magazineluiza.com.br;0;56;66;3528
10;desktop;https://www.kabum.com.br/lancamentos;0;36;55;3465
10;iphone;https://www.kabum.com.br/lancamentos;0;32;653;2925
10;desktop;https://www.pichau.com.br/kit-upgrade;0;19;543;2170
10;iphone;https://www.pichau.com.br/kit-upgrade;0;47;519;1838
10;desktop;https://www.amazon.com.br/Livros/b/?ie=UTF8&node=6740748011&ref_=nav_cs_books;0;45;180;652
10;iphone;https://www.amazon.com.br/Livros/b/?ie=UTF8&node=6740748011&ref_=nav_cs_books;235;237;999;1632
10;desktop;https://www.magazineluiza.com.br/celulares-e-smartphones/l/te/;0;46;77;5458
10;iphone;https://www.magazineluiza.com.br/celulares-e-smartphones/l/te/;0;62;1789;5098
10;desktop;https://www.kabum.com.br/perifericos/teclado-mouse;0;36;606;2922
10;iphone;https://www.kabum.com.br/perifericos/teclado-mouse;0;35;902;4211
10;desktop;https://www.pichau.com.br/search?q=mouse;0;56;636;2603
10;iphone;https://www.pichau.com.br/search?q=mouse;0;43;495;1692
10;desktop;https://www.amazon.com.br/s?k=sony&__mk_pt_BR=%C3%85M%C3%85%C5%BD%C3%95%C3%91&crid=39DHSDR8LN8N7&sprefix=sony%2Caps%2C214&ref=nb_sb_noss_2;0;42;172;245
10;iphone;https://www.amazon.com.br/s?k=sony&__mk_pt_BR=%C3%85M%C3%85%C5%BD%C3%95%C3%91&crid=39DHSDR8LN8N7&sprefix=sony%2Caps%2C214&ref=nb_sb_noss_2;0;37;1277;1658
10;desktop;https://www.magazineluiza.com.br/busca/teclado/;0;35;2971;9372
10;iphone;https://www.magazineluiza.com.br/busca/teclado/;0;51;75;4804
10;desktop;https://www.kabum.com.br/produto/415702/teclado-e-mouse-sem-fio-dell-km3322w-usb-abnt2-preto-580-bbbb;0;39;71;2653
10;iphone;https://www.kabum.com.br/produto/415702/teclado-e-mouse-sem-fio-dell-km3322w-usb-abnt2-preto-580-bbbb;0;27;587;2913
10;desktop;https://www.kabum.com.br/produto/519619/kit-smartphone-samsung-galaxy-s24-512gb-12gb-creme-smartwatch-samsung-galaxy-watch6-bt-44mm;0;27;69;2994
10;iphone;https://www.kabum.com.br/produto/519619/kit-smartphone-samsung-galaxy-s24-512gb-12gb-creme-smartwatch-samsung-galaxy-watch6-bt-44mm;0;32;65;2802
10;desktop;https://www.pichau.com.br/mouse-logitech-pop-mouse-4000dpi-4-botoes-rosa-heartbreaker-910-006551;timeout;timeout;timeout;timeout
10;iphone;https://www.pichau.com.br/mouse-logitech-pop-mouse-4000dpi-4-botoes-rosa-heartbreaker-910-006551;0;127;453;3373
10;desktop;https://www.amazon.com.br/jardim-secreto-integral-Cl%C3%A1ssicos-Aut%C3%AAntica/dp/6586040388/?_encoding=UTF8&_encoding=UTF8&ref_=dlx_deals_sc_dcl_img_dt_dealz_tdwdg&pd_rd_w=ldAXT&content-id=amzn1.sym.1ed65279-b37e-40df-aa20-e31d0af03a37&pf_rd_p=1ed65279-b37e-40df-aa20-e31d0af03a37&pf_rd_r=EF4999Z3VD9CBHZTEZDC&pd_rd_wg=iZTDR&pd_rd_r=b434f122-84ed-4f86-8991-0578f6577bb3;0;54;2033;2588
10;iphone;https://www.amazon.com.br/jardim-secreto-integral-Cl%C3%A1ssicos-Aut%C3%AAntica/dp/6586040388/?_encoding=UTF8&_encoding=UTF8&ref_=dlx_deals_sc_dcl_img_dt_dealz_tdwdg&pd_rd_w=ldAXT&content-id=amzn1.sym.1ed65279-b37e-40df-aa20-e31d0af03a37&pf_rd_p=1ed65279-b37e-40df-aa20-e31d0af03a37&pf_rd_r=EF4999Z3VD9CBHZTEZDC&pd_rd_wg=iZTDR&pd_rd_r=b434f122-84ed-4f86-8991-0578f6577bb3;0;46;2268;2728
10;desktop;https://www.magazineluiza.com.br/teclado-musical-arranjador-61-teclas-hk-935-midi-profissional-sensitive-usb-visor-lcd-fonte-bivolt-suporte-partitura-hkeyboard/p/gf006579gk/im/tear/;0;40;1494;5244
10;iphone;https://www.magazineluiza.com.br/teclado-musical-arranjador-61-teclas-hk-935-midi-profissional-sensitive-usb-visor-lcd-fonte-bivolt-suporte-partitura-hkeyboard/p/gf006579gk/im/tear/;0;73;424;3730
11;desktop;https://www.kabum.com.br;0;40;68;4284
11;iphone;https://www.kabum.com.br;0;37;62;3426
11;desktop;https://www.pichau.com.br;0;43;334;5254
11;iphone;https://www.pichau.com.br;0;36;346;1763
11;desktop;https://www.amazon.com.br;0;51;181;708
11;iphone;https://www.amazon.com.br;0;44;765;937
11;desktop;https://www.magazineluiza.com.br;0;38;62;3519
11;iphone;https://www.magazineluiza.com.br;0;51;67;3529
11;desktop;https://www.kabum.com.br/lancamentos;0;34;57;2825
11;iphone;https://www.kabum.com.br/lancamentos;0;40;471;2552
11;desktop;https://www.pichau.com.br/kit-upgrade;0;127;673;3955
11;iphone;https://www.pichau.com.br/kit-upgrade;0;23;510;1625
11;desktop;https://www.amazon.com.br/Livros/b/?ie=UTF8&node=6740748011&ref_=nav_cs_books;0;57;445;831
11;iphone;https://www.amazon.com.br/Livros/b/?ie=UTF8&node=6740748011&ref_=nav_cs_books;265;268;1219;1861
11;desktop;https://www.magazineluiza.com.br/celulares-e-smartphones/l/te/;0;49;77;5667
11;iphone;https://www.magazineluiza.com.br/celulares-e-smartphones/l/te/;0;60;1214;5158
11;desktop;https://www.kabum.com.br/perifericos/teclado-mouse;0;32;603;3132
11;iphone;https://www.kabum.com.br/perifericos/teclado-mouse;0;34;63;3034
11;desktop;https://www.pichau.com.br/search?q=mouse;0;20;468;2147
11;iphone;https://www.pichau.com.br/search?q=mouse;0;24;719;1954
11;desktop;https://www.amazon.com.br/s?k=sony&__mk_pt_BR=%C3%85M%C3%85%C5%BD%C3%95%C3%91&crid=39DHSDR8LN8N7&sprefix=sony%2Caps%2C214&ref=nb_sb_noss_2;0;37;215;292
11;iphone;https://www.amazon.com.br/s?k=sony&__mk_pt_BR=%C3%85M%C3%85%C5%BD%C3%95%C3%91&crid=39DHSDR8LN8N7&sprefix=sony%2Caps%2C214&ref=nb_sb_noss_2;0;31;1245;1652
11;desktop;https://www.magazineluiza.com.br/busca/teclado/;0;41;69;4626
11;iphone;https://www.magazineluiza.com.br/busca/teclado/;0;54;1176;5865
11;desktop;https://www.kabum.com.br/produto/415702/teclado-e-mouse-sem-fio-dell-km3322w-usb-abnt2-preto-580-bbbb;0;60;308;4894
11;iphone;https://www.kabum.com.br/produto/415702/teclado-e-mouse-sem-fio-dell-km3322w-usb-abnt2-preto-580-bbbb;0;30;267;5623
11;desktop;https://www.kabum.com.br/produto/519619/kit-smartphone-samsung-galaxy-s24-512gb-12gb-creme-smartwatch-samsung-galaxy-watch6-bt-44mm;0;41;289;3151
11;iphone;https://www.kabum.com.br/produto/519619/kit-smartphone-samsung-galaxy-s24-512gb-12gb-creme-smartwatch-samsung-galaxy-watch6-bt-44mm;0;34;418;2737
11;desktop;https://www.pichau.com.br/mouse-logitech-pop-mouse-4000dpi-4-botoes-rosa-heartbreaker-910-006551;0;48;388;5141
11;iphone;https://www.pichau.com.br/mouse-logitech-pop-mouse-4000dpi-4-botoes-rosa-heartbreaker-910-006551;0;52;363;6734
11;desktop;https://www.amazon.com.br/jardim-secreto-integral-Cl%C3%A1ssicos-Aut%C3%AAntica/dp/6586040388/?_encoding=UTF8&_encoding=UTF8&ref_=dlx_deals_sc_dcl_img_dt_dealz_tdwdg&pd_rd_w=ldAXT&content-id=amzn1.sym.1ed65279-b37e-40df-aa20-e31d0af03a37&pf_rd_p=1ed65279-b37e-40df-aa20-e31d0af03a37&pf_rd_r=EF4999Z3VD9CBHZTEZDC&pd_rd_wg=iZTDR&pd_rd_r=b434f122-84ed-4f86-8991-0578f6577bb3;0;40;271;756
11;iphone;https://www.amazon.com.br/jardim-secreto-integral-Cl%C3%A1ssicos-Aut%C3%AAntica/dp/6586040388/?_encoding=UTF8&_encoding=UTF8&ref_=dlx_deals_sc_dcl_img_dt_dealz_tdwdg&pd_rd_w=ldAXT&content-id=amzn1.sym.1ed65279-b37e-40df-aa20-e31d0af03a37&pf_rd_p=1ed65279-b37e-40df-aa20-e31d0af03a37&pf_rd_r=EF4999Z3VD9CBHZTEZDC&pd_rd_wg=iZTDR&pd_rd_r=b434f122-84ed-4f86-8991-0578f6577bb3;0;37;2348;2877
11;desktop;https://www.magazineluiza.com.br/teclado-musical-arranjador-61-teclas-hk-935-midi-profissional-sensitive-usb-visor-lcd-fonte-bivolt-suporte-partitura-hkeyboard/p/gf006579gk/im/tear/;0;56;631;4320
11;iphone;https://www.magazineluiza.com.br/teclado-musical-arranjador-61-teclas-hk-935-midi-profissional-sensitive-usb-visor-lcd-fonte-bivolt-suporte-partitura-hkeyboard/p/gf006579gk/im/tear/;0;62;506;3806
12;desktop;https://www.kabum.com.br;0;42;71;6345
12;iphone;https://www.kabum.com.br;0;54;82;4764
12;desktop;https://www.pichau.com.br;0;33;632;1923
12;iphone;https://www.pichau.com.br;0;45;359;1808
12;desktop;https://www.amazon.com.br;0;91;218;722
12;iphone;https://www.amazon.com.br;0;42;685;921
12;desktop;https://www.magazineluiza.com.br;0;63;88;3227
12;iphone;https://www.magazineluiza.com.br;0;62;80;3597
12;desktop;https://www.kabum.com.br/lancamentos;0;30;410;4435
12;iphone;https://www.kabum.com.br/lancamentos;0;29;473;3132
12;desktop;https://www.pichau.com.br/kit-upgrade;0;38;4473;6195
12;iphone;https://www.pichau.com.br/kit-upgrade;0;25;505;1575
12;desktop;https://www.amazon.com.br/Livros/b/?ie=UTF8&node=6740748011&ref_=nav_cs_books;0;31;418;798
12;iphone;https://www.amazon.com.br/Livros/b/?ie=UTF8&node=6740748011&ref_=nav_cs_books;239;240;1004;1556
12;desktop;https://www.magazineluiza.com.br/celulares-e-smartphones/l/te/;0;60;1711;7045
12;iphone;https://www.magazineluiza.com.br/celulares-e-smartphones/l/te/;0;53;75;3194
12;desktop;https://www.kabum.com.br/perifericos/teclado-mouse;0;40;442;2875
12;iphone;https://www.kabum.com.br/perifericos/teclado-mouse;0;35;632;4078
12;desktop;https://www.pichau.com.br/search?q=mouse;0;17;819;2460
12;iphone;https://www.pichau.com.br/search?q=mouse;0;53;527;4636
12;desktop;https://www.amazon.com.br/s?k=sony&__mk_pt_BR=%C3%85M%C3%85%C5%BD%C3%95%C3%91&crid=39DHSDR8LN8N7&sprefix=sony%2Caps%2C214&ref=nb_sb_noss_2;0;32;959;1673
12;iphone;https://www.amazon.com.br/s?k=sony&__mk_pt_BR=%C3%85M%C3%85%C5%BD%C3%95%C3%91&crid=39DHSDR8LN8N7&sprefix=sony%2Caps%2C214&ref=nb_sb_noss_2;0;46;1463;1766
12;desktop;https://www.magazineluiza.com.br/busca/teclado/;0;31;60;4509
12;iphone;https://www.magazineluiza.com.br/busca/teclado/;0;62;1327;6029
12;desktop;https://www.kabum.com.br/produto/415702/teclado-e-mouse-sem-fio-dell-km3322w-usb-abnt2-preto-580-bbbb;0;33;267;3098
12;iphone;https://www.kabum.com.br/produto/415702/teclado-e-mouse-sem-fio-dell-km3322w-usb-abnt2-preto-580-bbbb;0;37;290;2706
12;desktop;https://www.kabum.com.br/produto/519619/kit-smartphone-samsung-galaxy-s24-512gb-12gb-creme-smartwatch-samsung-galaxy-watch6-bt-44mm;0;27;61;2496
12;iphone;https://www.kabum.com.br/produto/519619/kit-smartphone-samsung-galaxy-s24-512gb-12gb-creme-smartwatch-samsung-galaxy-watch6-bt-44mm;0;30;64;2272
12;desktop;https://www.pichau.com.br/mouse-logitech-pop-mouse-4000dpi-4-botoes-rosa-heartbreaker-910-006551;0;46;390;2567
12;iphone;https://www.pichau.com.br/mouse-logitech-pop-mouse-4000dpi-4-botoes-rosa-heartbreaker-910-006551;0;155;460;2881
12;desktop;https://www.amazon.com.br/jardim-secreto-integral-Cl%C3%A1ssicos-Aut%C3%AAntica/dp/6586040388/?_encoding=UTF8&_encoding=UTF8&ref_=dlx_deals_sc_dcl_img_dt_dealz_tdwdg&pd_rd_w=ldAXT&content-id=amzn1.sym.1ed65279-b37e-40df-aa20-e31d0af03a37&pf_rd_p=1ed65279-b37e-40df-aa20-e31d0af03a37&pf_rd_r=EF4999Z3VD9CBHZTEZDC&pd_rd_wg=iZTDR&pd_rd_r=b434f122-84ed-4f86-8991-0578f6577bb3;0;38;176;654
12;iphone;https://www.amazon.com.br/jardim-secreto-integral-Cl%C3%A1ssicos-Aut%C3%AAntica/dp/6586040388/?_encoding=UTF8&_encoding=UTF8&ref_=dlx_deals_sc_dcl_img_dt_dealz_tdwdg&pd_rd_w=ldAXT&content-id=amzn1.sym.1ed65279-b37e-40df-aa20-e31d0af03a37&pf_rd_p=1ed65279-b37e-40df-aa20-e31d0af03a37&pf_rd_r=EF4999Z3VD9CBHZTEZDC&pd_rd_wg=iZTDR&pd_rd_r=b434f122-84ed-4f86-8991-0578f6577bb3;0;34;2451;2949
12;desktop;https://www.magazineluiza.com.br/teclado-musical-arranjador-61-teclas-hk-935-midi-profissional-sensitive-usb-visor-lcd-fonte-bivolt-suporte-partitura-hkeyboard/p/gf006579gk/im/tear/;0;42;757;4485
12;iphone;https://www.magazineluiza.com.br/teclado-musical-arranjador-61-teclas-hk-935-midi-profissional-sensitive-usb-visor-lcd-fonte-bivolt-suporte-partitura-hkeyboard/p/gf006579gk/im/tear/;0;75;557;3917
13;desktop;https://www.kabum.com.br;0;39;60;6708
13;iphone;https://www.kabum.com.br;0;38;66;4150
13;desktop;https://www.pichau.com.br;0;33;339;4257
13;iphone;https://www.pichau.com.br;0;141;845;7157
13;desktop;https://www.amazon.com.br;0;47;177;667
13;iphone;https://www.amazon.com.br;0;41;784;970
13;desktop;https://www.magazineluiza.com.br;0;42;59;3260
13;iphone;https://www.magazineluiza.com.br;0;56;73;3450
13;desktop;https://www.kabum.com.br/lancamentos;0;56;440;2762
13;iphone;https://www.kabum.com.br/lancamentos;0;33;960;3014
13;desktop;https://www.pichau.com.br/kit-upgrade;0;28;490;2306
13;iphone;https://www.pichau.com.br/kit-upgrade;0;41;497;1930
13;desktop;https://www.amazon.com.br/Livros/b/?ie=UTF8&node=6740748011&ref_=nav_cs_books;0;86;484;870
13;iphone;https://www.amazon.com.br/Livros/b/?ie=UTF8&node=6740748011&ref_=nav_cs_books;230;231;1108;1791
13;desktop;https://www.magazineluiza.com.br/celulares-e-smartphones/l/te/;0;56;92;6442
13;iphone;https://www.magazineluiza.com.br/celulares-e-smartphones/l/te/;0;56;142;3459
13;desktop;https://www.kabum.com.br/perifericos/teclado-mouse;0;38;600;3145
13;iphone;https://www.kabum.com.br/perifericos/teclado-mouse;0;30;568;2944
13;desktop;https://www.pichau.com.br/search?q=mouse;0;28;535;2465
13;iphone;https://www.pichau.com.br/search?q=mouse;0;67;756;5067
13;desktop;https://www.amazon.com.br/s?k=sony&__mk_pt_BR=%C3%85M%C3%85%C5%BD%C3%95%C3%91&crid=39DHSDR8LN8N7&sprefix=sony%2Caps%2C214&ref=nb_sb_noss_2;0;48;947;1703
13;iphone;https://www.amazon.com.br/s?k=sony&__mk_pt_BR=%C3%85M%C3%85%C5%BD%C3%95%C3%91&crid=39DHSDR8LN8N7&sprefix=sony%2Caps%2C214&ref=nb_sb_noss_2;0;42;1386;1691
13;desktop;https://www.magazineluiza.com.br/busca/teclado/;0;34;1902;6516
13;iphone;https://www.magazineluiza.com.br/busca/teclado/;0;52;2132;7010
13;desktop;https://www.kabum.com.br/produto/415702/teclado-e-mouse-sem-fio-dell-km3322w-usb-abnt2-preto-580-bbbb;0;33;752;3407
13;iphone;https://www.kabum.com.br/produto/415702/teclado-e-mouse-sem-fio-dell-km3322w-usb-abnt2-preto-580-bbbb;0;34;720;3139
13;desktop;https://www.kabum.com.br/produto/519619/kit-smartphone-samsung-galaxy-s24-512gb-12gb-creme-smartwatch-samsung-galaxy-watch6-bt-44mm;0;35;293;2848
13;iphone;https://www.kabum.com.br/produto/519619/kit-smartphone-samsung-galaxy-s24-512gb-12gb-creme-smartwatch-samsung-galaxy-watch6-bt-44mm;0;37;371;2562
13;desktop;https://www.pichau.com.br/mouse-logitech-pop-mouse-4000dpi-4-botoes-rosa-heartbreaker-910-006551;0;26;321;2012
13;iphone;https://www.pichau.com.br/mouse-logitech-pop-mouse-4000dpi-4-botoes-rosa-heartbreaker-910-006551;0;20;346;2004
13;desktop;https://www.amazon.com.br/jardim-secreto-integral-Cl%C3%A1ssicos-Aut%C3%AAntica/dp/6586040388/?_encoding=UTF8&_encoding=UTF8&ref_=dlx_deals_sc_dcl_img_dt_dealz_tdwdg&pd_rd_w=ldAXT&content-id=amzn1.sym.1ed65279-b37e-40df-aa20-e31d0af03a37&pf_rd_p=1ed65279-b37e-40df-aa20-e31d0af03a37&pf_rd_r=EF4999Z3VD9CBHZTEZDC&pd_rd_wg=iZTDR&pd_rd_r=b434f122-84ed-4f86-8991-0578f6577bb3;0;59;2107;2815
13;iphone;https://www.amazon.com.br/jardim-secreto-integral-Cl%C3%A1ssicos-Aut%C3%AAntica/dp/6586040388/?_encoding=UTF8&_encoding=UTF8&ref_=dlx_deals_sc_dcl_img_dt_dealz_tdwdg&pd_rd_w=ldAXT&content-id=amzn1.sym.1ed65279-b37e-40df-aa20-e31d0af03a37&pf_rd_p=1ed65279-b37e-40df-aa20-e31d0af03a37&pf_rd_r=EF4999Z3VD9CBHZTEZDC&pd_rd_wg=iZTDR&pd_rd_r=b434f122-84ed-4f86-8991-0578f6577bb3;0;56;2304;2704
13;desktop;https://www.magazineluiza.com.br/teclado-musical-arranjador-61-teclas-hk-935-midi-profissional-sensitive-usb-visor-lcd-fonte-bivolt-suporte-partitura-hkeyboard/p/gf006579gk/im/tear/;0;70;102;3756
13;iphone;https://www.magazineluiza.com.br/teclado-musical-arranjador-61-teclas-hk-935-midi-profissional-sensitive-usb-visor-lcd-fonte-bivolt-suporte-partitura-hkeyboard/p/gf006579gk/im/tear/;0;70;91;3551
14;desktop;https://www.kabum.com.br;0;33;55;4490
14;iphone;https://www.kabum.com.br;0;30;53;3521
14;desktop;https://www.pichau.com.br;0;23;332;1553
14;iphone;https://www.pichau.com.br;0;34;605;1809
14;desktop;https://www.amazon.com.br;0;60;477;885
14;iphone;https://www.amazon.com.br;0;34;747;887
14;desktop;https://www.magazineluiza.com.br;0;50;69;3373
14;iphone;https://www.magazineluiza.com.br;0;60;76;3503
14;desktop;https://www.kabum.com.br/lancamentos;0;52;623;3058
14;iphone;https://www.kabum.com.br/lancamentos;0;36;502;2687
14;desktop;https://www.pichau.com.br/kit-upgrade;0;21;527;2066
14;iphone;https://www.pichau.com.br/kit-upgrade;0;59;538;1836
14;desktop;https://www.amazon.com.br/Livros/b/?ie=UTF8&node=6740748011&ref_=nav_cs_books;0;51;324;739
14;iphone;https://www.amazon.com.br/Livros/b/?ie=UTF8&node=6740748011&ref_=nav_cs_books;237;239;1086;1598
14;desktop;https://www.magazineluiza.com.br/celulares-e-smartphones/l/te/;0;58;93;5690
14;iphone;https://www.magazineluiza.com.br/celulares-e-smartphones/l/te/;0;74;96;3283
14;desktop;https://www.kabum.com.br/perifericos/teclado-mouse;0;33;1074;3370
14;iphone;https://www.kabum.com.br/perifericos/teclado-mouse;0;31;663;3032
14;desktop;https://www.pichau.com.br/search?q=mouse;0;69;542;2019
14;iphone;https://www.pichau.com.br/search?q=mouse;0;38;547;1995
14;desktop;https://www.amazon.com.br/s?k=sony&__mk_pt_BR=%C3%85M%C3%85%C5%BD%C3%95%C3%91&crid=39DHSDR8LN8N7&sprefix=sony%2Caps%2C214&ref=nb_sb_noss_2;0;34;167;233
14;iphone;https://www.amazon.com.br/s?k=sony&__mk_pt_BR=%C3%85M%C3%85%C5%BD%C3%95%C3%91&crid=39DHSDR8LN8N7&sprefix=sony%2Caps%2C214&ref=nb_sb_noss_2;0;78;1249;1678
14;desktop;https://www.magazineluiza.com.br/busca/teclado/;0;39;1946;6631
14;iphone;https://www.magazineluiza.com.br/busca/teclado/;0;63;1034;6029
14;desktop;https://www.kabum.com.br/produto/415702/teclado-e-mouse-sem-fio-dell-km3322w-usb-abnt2-preto-580-bbbb;0;48;280;3172
14;iphone;https://www.kabum.com.br/produto/415702/teclado-e-mouse-sem-fio-dell-km3322w-usb-abnt2-preto-580-bbbb;0;32;259;2666
14;desktop;https://www.kabum.com.br/produto/519619/kit-smartphone-samsung-galaxy-s24-512gb-12gb-creme-smartwatch-samsung-galaxy-watch6-bt-44mm;0;35;72;3841
14;iphone;https://www.kabum.com.br/produto/519619/kit-smartphone-samsung-galaxy-s24-512gb-12gb-creme-smartwatch-samsung-galaxy-watch6-bt-44mm;0;42;80;2421
14;desktop;https://www.pichau.com.br/mouse-logitech-pop-mouse-4000dpi-4-botoes-rosa-heartbreaker-910-006551;0;49;337;3313
14;iphone;https://www.pichau.com.br/mouse-logitech-pop-mouse-4000dpi-4-botoes-rosa-heartbreaker-910-006551;0;41;377;2676
14;desktop;https://www.amazon.com.br/jardim-secreto-integral-Cl%C3%A1ssicos-Aut%C3%AAntica/dp/6586040388/?_encoding=UTF8&_encoding=UTF8&ref_=dlx_deals_sc_dcl_img_dt_dealz_tdwdg&pd_rd_w=ldAXT&content-id=amzn1.sym.1ed65279-b37e-40df-aa20-e31d0af03a37&pf_rd_p=1ed65279-b37e-40df-aa20-e31d0af03a37&pf_rd_r=EF4999Z3VD9CBHZTEZDC&pd_rd_wg=iZTDR&pd_rd_r=b434f122-84ed-4f86-8991-0578f6577bb3;0;56;198;712
14;iphone;https://www.amazon.com.br/jardim-secreto-integral-Cl%C3%A1ssicos-Aut%C3%AAntica/dp/6586040388/?_encoding=UTF8&_encoding=UTF8&ref_=dlx_deals_sc_dcl_img_dt_dealz_tdwdg&pd_rd_w=ldAXT&content-id=amzn1.sym.1ed65279-b37e-40df-aa20-e31d0af03a37&pf_rd_p=1ed65279-b37e-40df-aa20-e31d0af03a37&pf_rd_r=EF4999Z3VD9CBHZTEZDC&pd_rd_wg=iZTDR&pd_rd_r=b434f122-84ed-4f86-8991-0578f6577bb3;0;33;2390;2830
14;desktop;https://www.magazineluiza.com.br/teclado-musical-arranjador-61-teclas-hk-935-midi-profissional-sensitive-usb-visor-lcd-fonte-bivolt-suporte-partitura-hkeyboard/p/gf006579gk/im/tear/;0;50;1478;5076
14;iphone;https://www.magazineluiza.com.br/teclado-musical-arranjador-61-teclas-hk-935-midi-profissional-sensitive-usb-visor-lcd-fonte-bivolt-suporte-partitura-hkeyboard/p/gf006579gk/im/tear/;0;77;583;3881
15;desktop;https://www.kabum.com.br;0;106;267;4414
15;iphone;https://www.kabum.com.br;0;40;66;4206
15;desktop;https://www.pichau.com.br;0;28;330;1859
15;iphone;https://www.pichau.com.br;0;139;579;1904
15;desktop;https://www.amazon.com.br;0;93;231;731
15;iphone;https://www.amazon.com.br;0;37;678;883
15;desktop;https://www.magazineluiza.com.br;0;44;83;3495
15;iphone;https://www.magazineluiza.com.br;0;63;80;3461
15;desktop;https://www.kabum.com.br/lancamentos;0;40;526;2748
15;iphone;https://www.kabum.com.br/lancamentos;0;30;1349;3131
15;desktop;https://www.pichau.com.br/kit-upgrade;0;42;475;3669
15;iphone;https://www.pichau.com.br/kit-upgrade;timeout;timeout;timeout;timeout
15;desktop;https://www.amazon.com.br/Livros/b/?ie=UTF8&node=6740748011&ref_=nav_cs_books;0;156;555;943
15;iphone;https://www.amazon.com.br/Livros/b/?ie=UTF8&node=6740748011&ref_=nav_cs_books;252;254;912;1535
15;desktop;https://www.magazineluiza.com.br/celulares-e-smartphones/l/te/;0;51;1846;7019
15;iphone;https://www.magazineluiza.com.br/celulares-e-smartphones/l/te/;0;71;744;3862
15;desktop;https://www.kabum.com.br/perifericos/teclado-mouse;0;51;655;3138
15;iphone;https://www.kabum.com.br/perifericos/teclado-mouse;0;37;654;3026
15;desktop;https://www.pichau.com.br/search?q=mouse;0;47;527;2420
15;iphone;https://www.pichau.com.br/search?q=mouse;0;29;539;1899
15;desktop;https://www.amazon.com.br/s?k=sony&__mk_pt_BR=%C3%85M%C3%85%C5%BD%C3%95%C3%91&crid=39DHSDR8LN8N7&sprefix=sony%2Caps%2C214&ref=nb_sb_noss_2;0;37;890;1668
15;iphone;https://www.amazon.com.br/s?k=sony&__mk_pt_BR=%C3%85M%C3%85%C5%BD%C3%95%C3%91&crid=39DHSDR8LN8N7&sprefix=sony%2Caps%2C214&ref=nb_sb_noss_2;0;37;1222;1631
15;desktop;https://www.magazineluiza.com.br/busca/teclado/;0;71;1921;6245
15;iphone;https://www.magazineluiza.com.br/busca/teclado/;0;61;1713;6266
15;desktop;https://www.kabum.com.br/produto/415702/teclado-e-mouse-sem-fio-dell-km3322w-usb-abnt2-preto-580-bbbb;0;55;292;3053
15;iphone;https://www.kabum.com.br/produto/415702/teclado-e-mouse-sem-fio-dell-km3322w-usb-abnt2-preto-580-bbbb;0;38;294;2602
15;desktop;https://www.kabum.com.br/produto/519619/kit-smartphone-samsung-galaxy-s24-512gb-12gb-creme-smartwatch-samsung-galaxy-watch6-bt-44mm;0;28;356;2762
15;iphone;https://www.kabum.com.br/produto/519619/kit-smartphone-samsung-galaxy-s24-512gb-12gb-creme-smartwatch-samsung-galaxy-watch6-bt-44mm;0;28;764;2875
15;desktop;https://www.pichau.com.br/mouse-logitech-pop-mouse-4000dpi-4-botoes-rosa-heartbreaker-910-006551;timeout;timeout;timeout;timeout
15;iphone;https://www.pichau.com.br/mouse-logitech-pop-mouse-4000dpi-4-botoes-rosa-heartbreaker-910-006551;timeout;timeout;timeout;timeout
15;desktop;https://www.amazon.com.br/jardim-secreto-integral-Cl%C3%A1ssicos-Aut%C3%AAntica/dp/6586040388/?_encoding=UTF8&_encoding=UTF8&ref_=dlx_deals_sc_dcl_img_dt_dealz_tdwdg&pd_rd_w=ldAXT&content-id=amzn1.sym.1ed65279-b37e-40df-aa20-e31d0af03a37&pf_rd_p=1ed65279-b37e-40df-aa20-e31d0af03a37&pf_rd_r=EF4999Z3VD9CBHZTEZDC&pd_rd_wg=iZTDR&pd_rd_r=b434f122-84ed-4f86-8991-0578f6577bb3;0;162;313;824
15;iphone;https://www.amazon.com.br/jardim-secreto-integral-Cl%C3%A1ssicos-Aut%C3%AAntica/dp/6586040388/?_encoding=UTF8&_encoding=UTF8&ref_=dlx_deals_sc_dcl_img_dt_dealz_tdwdg&pd_rd_w=ldAXT&content-id=amzn1.sym.1ed65279-b37e-40df-aa20-e31d0af03a37&pf_rd_p=1ed65279-b37e-40df-aa20-e31d0af03a37&pf_rd_r=EF4999Z3VD9CBHZTEZDC&pd_rd_wg=iZTDR&pd_rd_r=b434f122-84ed-4f86-8991-0578f6577bb3;0;32;2405;2849
15;desktop;https://www.magazineluiza.com.br/teclado-musical-arranjador-61-teclas-hk-935-midi-profissional-sensitive-usb-visor-lcd-fonte-bivolt-suporte-partitura-hkeyboard/p/gf006579gk/im/tear/;0;176;1263;4868
15;iphone;https://www.magazineluiza.com.br/teclado-musical-arranjador-61-teclas-hk-935-midi-profissional-sensitive-usb-visor-lcd-fonte-bivolt-suporte-partitura-hkeyboard/p/gf006579gk/im/tear/;0;57;394;3772
16;desktop;https://www.kabum.com.br;0;39;62;4461
16;iphone;https://www.kabum.com.br;0;38;63;3510
16;desktop;https://www.pichau.com.br;0;52;7424;7885
16;iphone;https://www.pichau.com.br;timeout;timeout;timeout;timeout
16;desktop;https://www.amazon.com.br;0;120;249;746
16;iphone;https://www.amazon.com.br;0;49;541;793
16;desktop;https://www.magazineluiza.com.br;0;38;82;3490
16;iphone;https://www.magazineluiza.com.br;0;66;82;3343
16;desktop;https://www.kabum.com.br/lancamentos;0;36;513;3259
16;iphone;https://www.kabum.com.br/lancamentos;0;35;720;2879
16;desktop;https://www.pichau.com.br/kit-upgrade;timeout;timeout;timeout;timeout
16;iphone;https://www.pichau.com.br/kit-upgrade;timeout;timeout;timeout;timeout
16;desktop;https://www.amazon.com.br/Livros/b/?ie=UTF8&node=6740748011&ref_=nav_cs_books;0;117;516;897
16;iphone;https://www.amazon.com.br/Livros/b/?ie=UTF8&node=6740748011&ref_=nav_cs_books;222;224;1044;1767
16;desktop;https://www.magazineluiza.com.br/celulares-e-smartphones/l/te/;0;33;1209;6648
16;iphone;https://www.magazineluiza.com.br/celulares-e-smartphones/l/te/;0;69;1029;4065
16;desktop;https://www.kabum.com.br/perifericos/teclado-mouse;0;57;694;3729
16;iphone;https://www.kabum.com.br/perifericos/teclado-mouse;0;31;632;3518
16;desktop;https://www.pichau.com.br/search?q=mouse;0;26;2716;4545
16;iphone;https://www.pichau.com.br/search?q=mouse;timeout;timeout;timeout;timeout
16;desktop;https://www.amazon.com.br/s?k=sony&__mk_pt_BR=%C3%85M%C3%85%C5%BD%C3%95%C3%91&crid=39DHSDR8LN8N7&sprefix=sony%2Caps%2C214&ref=nb_sb_noss_2;0;41;174;245
16;iphone;https://www.amazon.com.br/s?k=sony&__mk_pt_BR=%C3%85M%C3%85%C5%BD%C3%95%C3%91&crid=39DHSDR8LN8N7&sprefix=sony%2Caps%2C214&ref=nb_sb_noss_2;0;44;1413;1707
16;desktop;https://www.magazineluiza.com.br/busca/teclado/;0;41;2464;6981
16;iphone;https://www.magazineluiza.com.br/busca/teclado/;0;61;2231;6848
16;desktop;https://www.kabum.com.br/produto/415702/teclado-e-mouse-sem-fio-dell-km3322w-usb-abnt2-preto-580-bbbb;0;43;308;3024
16;iphone;https://www.kabum.com.br/produto/415702/teclado-e-mouse-sem-fio-dell-km3322w-usb-abnt2-preto-580-bbbb;0;37;282;2592
16;desktop;https://www.kabum.com.br/produto/519619/kit-smartphone-samsung-galaxy-s24-512gb-12gb-creme-smartwatch-samsung-galaxy-watch6-bt-44mm;0;26;59;2508
16;iphone;https://www.kabum.com.br/produto/519619/kit-smartphone-samsung-galaxy-s24-512gb-12gb-creme-smartwatch-samsung-galaxy-watch6-bt-44mm;0;41;71;2399
16;desktop;https://www.pichau.com.br/mouse-logitech-pop-mouse-4000dpi-4-botoes-rosa-heartbreaker-910-006551;0;51;2963;3147
16;iphone;https://www.pichau.com.br/mouse-logitech-pop-mouse-4000dpi-4-botoes-rosa-heartbreaker-910-006551;0;38;7627;7897
16;desktop;https://www.amazon.com.br/jardim-secreto-integral-Cl%C3%A1ssicos-Aut%C3%AAntica/dp/6586040388/?_encoding=UTF8&_encoding=UTF8&ref_=dlx_deals_sc_dcl_img_dt_dealz_tdwdg&pd_rd_w=ldAXT&content-id=amzn1.sym.1ed65279-b37e-40df-aa20-e31d0af03a37&pf_rd_p=1ed65279-b37e-40df-aa20-e31d0af03a37&pf_rd_r=EF4999Z3VD9CBHZTEZDC&pd_rd_wg=iZTDR&pd_rd_r=b434f122-84ed-4f86-8991-0578f6577bb3;0;58;239;746
16;iphone;https://www.amazon.com.br/jardim-secreto-integral-Cl%C3%A1ssicos-Aut%C3%AAntica/dp/6586040388/?_encoding=UTF8&_encoding=UTF8&ref_=dlx_deals_sc_dcl_img_dt_dealz_tdwdg&pd_rd_w=ldAXT&content-id=amzn1.sym.1ed65279-b37e-40df-aa20-e31d0af03a37&pf_rd_p=1ed65279-b37e-40df-aa20-e31d0af03a37&pf_rd_r=EF4999Z3VD9CBHZTEZDC&pd_rd_wg=iZTDR&pd_rd_r=b434f122-84ed-4f86-8991-0578f6577bb3;0;36;2384;2862
16;desktop;https://www.magazineluiza.com.br/teclado-musical-arranjador-61-teclas-hk-935-midi-profissional-sensitive-usb-visor-lcd-fonte-bivolt-suporte-partitura-hkeyboard/p/gf006579gk/im/tear/;0;73;667;4404
16;iphone;https://www.magazineluiza.com.br/teclado-musical-arranjador-61-teclas-hk-935-midi-profissional-sensitive-usb-visor-lcd-fonte-bivolt-suporte-partitura-hkeyboard/p/gf006579gk/im/tear/;0;71;631;3958
17;desktop;https://www.kabum.com.br;0;32;439;4658
17;iphone;https://www.kabum.com.br;0;30;53;3535
17;desktop;https://www.pichau.com.br;0;136;820;830
17;iphone;https://www.pichau.com.br;0;24;1467;1879
17;desktop;https://www.amazon.com.br;0;38;175;675
17;iphone;https://www.amazon.com.br;0;28;660;836
17;desktop;https://www.magazineluiza.com.br;0;36;52;3237
17;iphone;https://www.magazineluiza.com.br;0;45;72;3200
17;desktop;https://www.kabum.com.br/lancamentos;0;36;62;2383
17;iphone;https://www.kabum.com.br/lancamentos;0;42;784;2970
17;desktop;https://www.pichau.com.br/kit-upgrade;timeout;timeout;timeout;timeout
17;iphone;https://www.pichau.com.br/kit-upgrade;timeout;timeout;timeout;timeout
17;desktop;https://www.amazon.com.br/Livros/b/?ie=UTF8&node=6740748011&ref_=nav_cs_books;0;86;505;894
17;iphone;https://www.amazon.com.br/Livros/b/?ie=UTF8&node=6740748011&ref_=nav_cs_books;248;250;872;1454
17;desktop;https://www.magazineluiza.com.br/celulares-e-smartphones/l/te/;0;71;2110;8527
17;iphone;https://www.magazineluiza.com.br/celulares-e-smartphones/l/te/;0;223;885;4020
17;desktop;https://www.kabum.com.br/perifericos/teclado-mouse;0;44;648;3149
17;iphone;https://www.kabum.com.br/perifericos/teclado-mouse;0;34;597;3101
17;desktop;https://www.pichau.com.br/search?q=mouse;timeout;timeout;timeout;timeout
17;iphone;https://www.pichau.com.br/search?q=mouse;timeout;timeout;timeout;timeout
17;desktop;https://www.amazon.com.br/s?k=sony&__mk_pt_BR=%C3%85M%C3%85%C5%BD%C3%95%C3%91&crid=39DHSDR8LN8N7&sprefix=sony%2Caps%2C214&ref=nb_sb_noss_2;0;114;246;310
17;iphone;https://www.amazon.com.br/s?k=sony&__mk_pt_BR=%C3%85M%C3%85%C5%BD%C3%95%C3%91&crid=39DHSDR8LN8N7&sprefix=sony%2Caps%2C214&ref=nb_sb_noss_2;0;33;1408;1696
17;desktop;https://www.magazineluiza.com.br/busca/teclado/;0;48;1845;5790
17;iphone;https://www.magazineluiza.com.br/busca/teclado/;0;53;1362;6008
17;desktop;https://www.kabum.com.br/produto/415702/teclado-e-mouse-sem-fio-dell-km3322w-usb-abnt2-preto-580-bbbb;0;48;279;3039
17;iphone;https://www.kabum.com.br/produto/415702/teclado-e-mouse-sem-fio-dell-km3322w-usb-abnt2-preto-580-bbbb;0;34;282;2732
17;desktop;https://www.kabum.com.br/produto/519619/kit-smartphone-samsung-galaxy-s24-512gb-12gb-creme-smartwatch-samsung-galaxy-watch6-bt-44mm;0;28;296;2751
17;iphone;https://www.kabum.com.br/produto/519619/kit-smartphone-samsung-galaxy-s24-512gb-12gb-creme-smartwatch-samsung-galaxy-watch6-bt-44mm;0;28;255;2558
17;desktop;https://www.pichau.com.br/mouse-logitech-pop-mouse-4000dpi-4-botoes-rosa-heartbreaker-910-006551;0;32;9252;9588
17;iphone;https://www.pichau.com.br/mouse-logitech-pop-mouse-4000dpi-4-botoes-rosa-heartbreaker-910-006551;timeout;timeout;timeout;timeout
17;desktop;https://www.amazon.com.br/jardim-secreto-integral-Cl%C3%A1ssicos-Aut%C3%AAntica/dp/6586040388/?_encoding=UTF8&_encoding=UTF8&ref_=dlx_deals_sc_dcl_img_dt_dealz_tdwdg&pd_rd_w=ldAXT&content-id=amzn1.sym.1ed65279-b37e-40df-aa20-e31d0af03a37&pf_rd_p=1ed65279-b37e-40df-aa20-e31d0af03a37&pf_rd_r=EF4999Z3VD9CBHZTEZDC&pd_rd_wg=iZTDR&pd_rd_r=b434f122-84ed-4f86-8991-0578f6577bb3;0;50;187;986
17;iphone;https://www.amazon.com.br/jardim-secreto-integral-Cl%C3%A1ssicos-Aut%C3%AAntica/dp/6586040388/?_encoding=UTF8&_encoding=UTF8&ref_=dlx_deals_sc_dcl_img_dt_dealz_tdwdg&pd_rd_w=ldAXT&content-id=amzn1.sym.1ed65279-b37e-40df-aa20-e31d0af03a37&pf_rd_p=1ed65279-b37e-40df-aa20-e31d0af03a37&pf_rd_r=EF4999Z3VD9CBHZTEZDC&pd_rd_wg=iZTDR&pd_rd_r=b434f122-84ed-4f86-8991-0578f6577bb3;0;39;2364;2870
17;desktop;https://www.magazineluiza.com.br/teclado-musical-arranjador-61-teclas-hk-935-midi-profissional-sensitive-usb-visor-lcd-fonte-bivolt-suporte-partitura-hkeyboard/p/gf006579gk/im/tear/;0;64;1073;4290
17;iphone;https://www.magazineluiza.com.br/teclado-musical-arranjador-61-teclas-hk-935-midi-profissional-sensitive-usb-visor-lcd-fonte-bivolt-suporte-partitura-hkeyboard/p/gf006579gk/im/tear/;0;67;843;4132
18;desktop;https://www.kabum.com.br;0;40;65;4329
18;iphone;https://www.kabum.com.br;0;33;58;3701
18;desktop;https://www.pichau.com.br;timeout;timeout;timeout;timeout
18;iphone;https://www.pichau.com.br;timeout;timeout;timeout;timeout
18;desktop;https://www.amazon.com.br;0;38;166;699
18;iphone;https://www.amazon.com.br;0;34;659;828
18;desktop;https://www.magazineluiza.com.br;0;97;132;3569
18;iphone;https://www.magazineluiza.com.br;0;52;68;3733
18;desktop;https://www.kabum.com.br/lancamentos;0;45;76;2791
18;iphone;https://www.kabum.com.br/lancamentos;0;37;719;3394
18;desktop;https://www.pichau.com.br/kit-upgrade;timeout;timeout;timeout;timeout
18;iphone;https://www.pichau.com.br/kit-upgrade;timeout;timeout;timeout;timeout
18;desktop;https://www.amazon.com.br/Livros/b/?ie=UTF8&node=6740748011&ref_=nav_cs_books;0;133;525;914
18;iphone;https://www.amazon.com.br/Livros/b/?ie=UTF8&node=6740748011&ref_=nav_cs_books;274;276;1137;1771
18;desktop;https://www.magazineluiza.com.br/celulares-e-smartphones/l/te/;0;53;1228;8568
18;iphone;https://www.magazineluiza.com.br/celulares-e-smartphones/l/te/;0;75;97;3941
18;desktop;https://www.kabum.com.br/perifericos/teclado-mouse;0;47;616;4356
18;iphone;https://www.kabum.com.br/perifericos/teclado-mouse;0;35;576;3647
18;desktop;https://www.pichau.com.br/search?q=mouse;0;58;84;558
18;iphone;https://www.pichau.com.br/search?q=mouse;0;33;330;760
18;desktop;https://www.amazon.com.br/s?k=sony&__mk_pt_BR=%C3%85M%C3%85%C5%BD%C3%95%C3%91&crid=39DHSDR8LN8N7&sprefix=sony%2Caps%2C214&ref=nb_sb_noss_2;0;50;183;255
18;iphone;https://www.amazon.com.br/s?k=sony&__mk_pt_BR=%C3%85M%C3%85%C5%BD%C3%95%C3%91&crid=39DHSDR8LN8N7&sprefix=sony%2Caps%2C214&ref=nb_sb_noss_2;0;49;1379;1849
18;desktop;https://www.magazineluiza.com.br/busca/teclado/;0;49;82;6278
18;iphone;https://www.magazineluiza.com.br/busca/teclado/;0;85;122;5214
18;desktop;https://www.kabum.com.br/produto/415702/teclado-e-mouse-sem-fio-dell-km3322w-usb-abnt2-preto-580-bbbb;0;43;654;3907
18;iphone;https://www.kabum.com.br/produto/415702/teclado-e-mouse-sem-fio-dell-km3322w-usb-abnt2-preto-580-bbbb;0;34;275;2623
18;desktop;https://www.kabum.com.br/produto/519619/kit-smartphone-samsung-galaxy-s24-512gb-12gb-creme-smartwatch-samsung-galaxy-watch6-bt-44mm;0;32;267;3439
18;iphone;https://www.kabum.com.br/produto/519619/kit-smartphone-samsung-galaxy-s24-512gb-12gb-creme-smartwatch-samsung-galaxy-watch6-bt-44mm;0;69;100;2694
18;desktop;https://www.pichau.com.br/mouse-logitech-pop-mouse-4000dpi-4-botoes-rosa-heartbreaker-910-006551;timeout;timeout;timeout;timeout
18;iphone;https://www.pichau.com.br/mouse-logitech-pop-mouse-4000dpi-4-botoes-rosa-heartbreaker-910-006551;timeout;timeout;timeout;timeout
18;desktop;https://www.amazon.com.br/jardim-secreto-integral-Cl%C3%A1ssicos-Aut%C3%AAntica/dp/6586040388/?_encoding=UTF8&_encoding=UTF8&ref_=dlx_deals_sc_dcl_img_dt_dealz_tdwdg&pd_rd_w=ldAXT&content-id=amzn1.sym.1ed65279-b37e-40df-aa20-e31d0af03a37&pf_rd_p=1ed65279-b37e-40df-aa20-e31d0af03a37&pf_rd_r=EF4999Z3VD9CBHZTEZDC&pd_rd_wg=iZTDR&pd_rd_r=b434f122-84ed-4f86-8991-0578f6577bb3;0;176;2469;2935
18;iphone;https://www.amazon.com.br/jardim-secreto-integral-Cl%C3%A1ssicos-Aut%C3%AAntica/dp/6586040388/?_encoding=UTF8&_encoding=UTF8&ref_=dlx_deals_sc_dcl_img_dt_dealz_tdwdg&pd_rd_w=ldAXT&content-id=amzn1.sym.1ed65279-b37e-40df-aa20-e31d0af03a37&pf_rd_p=1ed65279-b37e-40df-aa20-e31d0af03a37&pf_rd_r=EF4999Z3VD9CBHZTEZDC&pd_rd_wg=iZTDR&pd_rd_r=b434f122-84ed-4f86-8991-0578f6577bb3;0;52;2641;3237
18;desktop;https://www.magazineluiza.com.br/teclado-musical-arranjador-61-teclas-hk-935-midi-profissional-sensitive-usb-visor-lcd-fonte-bivolt-suporte-partitura-hkeyboard/p/gf006579gk/im/tear/;0;62;1498;5046
18;iphone;https://www.magazineluiza.com.br/teclado-musical-arranjador-61-teclas-hk-935-midi-profissional-sensitive-usb-visor-lcd-fonte-bivolt-suporte-partitura-hkeyboard/p/gf006579gk/im/tear/;0;87;1619;4672
19;desktop;https://www.kabum.com.br;0;33;55;3620
19;iphone;https://www.kabum.com.br;0;34;62;3423
19;desktop;https://www.pichau.com.br;0;49;73;295
19;iphone;https://www.pichau.com.br;0;25;49;359
19;desktop;https://www.amazon.com.br;0;50;457;838
19;iphone;https://www.amazon.com.br;0;37;588;844
19;desktop;https://www.magazineluiza.com.br;0;53;74;3485
19;iphone;https://www.magazineluiza.com.br;0;49;66;3404
19;desktop;https://www.kabum.com.br/lancamentos;0;39;613;3370
19;iphone;https://www.kabum.com.br/lancamentos;0;35;489;2610
19;desktop;https://www.pichau.com.br/kit-upgrade;0;28;48;425
19;iphone;https://www.pichau.com.br/kit-upgrade;0;19;41;362
19;desktop;https://www.amazon.com.br/Livros/b/?ie=UTF8&node=6740748011&ref_=nav_cs_books;0;57;317;770
19;iphone;https://www.amazon.com.br/Livros/b/?ie=UTF8&node=6740748011&ref_=nav_cs_books;239;241;825;1457
19;desktop;https://www.magazineluiza.com.br/celulares-e-smartphones/l/te/;0;69;1355;6766
19;iphone;https://www.magazineluiza.com.br/celulares-e-smartphones/l/te/;0;72;100;3334
19;desktop;https://www.kabum.com.br/perifericos/teclado-mouse;0;26;651;3106
19;iphone;https://www.kabum.com.br/perifericos/teclado-mouse;0;30;589;4170
19;desktop;https://www.pichau.com.br/search?q=mouse;0;133;266;837
19;iphone;https://www.pichau.com.br/search?q=mouse;0;21;38;430
19;desktop;https://www.amazon.com.br/s?k=sony&__mk_pt_BR=%C3%85M%C3%85%C5%BD%C3%95%C3%91&crid=39DHSDR8LN8N7&sprefix=sony%2Caps%2C214&ref=nb_sb_noss_2;0;43;174;240
19;iphone;https://www.amazon.com.br/s?k=sony&__mk_pt_BR=%C3%85M%C3%85%C5%BD%C3%95%C3%91&crid=39DHSDR8LN8N7&sprefix=sony%2Caps%2C214&ref=nb_sb_noss_2;0;33;1406;1695
19;desktop;https://www.magazineluiza.com.br/busca/teclado/;0;34;2631;6821
19;iphone;https://www.magazineluiza.com.br/busca/teclado/;0;54;78;4793
19;desktop;https://www.kabum.com.br/produto/415702/teclado-e-mouse-sem-fio-dell-km3322w-usb-abnt2-preto-580-bbbb;0;34;324;3088
19;iphone;https://www.kabum.com.br/produto/415702/teclado-e-mouse-sem-fio-dell-km3322w-usb-abnt2-preto-580-bbbb;0;33;320;2709
19;desktop;https://www.kabum.com.br/produto/519619/kit-smartphone-samsung-galaxy-s24-512gb-12gb-creme-smartwatch-samsung-galaxy-watch6-bt-44mm;0;29;75;2970
19;iphone;https://www.kabum.com.br/produto/519619/kit-smartphone-samsung-galaxy-s24-512gb-12gb-creme-smartwatch-samsung-galaxy-watch6-bt-44mm;0;35;298;3050
19;desktop;https://www.pichau.com.br/mouse-logitech-pop-mouse-4000dpi-4-botoes-rosa-heartbreaker-910-006551;0;24;48;409
19;iphone;https://www.pichau.com.br/mouse-logitech-pop-mouse-4000dpi-4-botoes-rosa-heartbreaker-910-006551;0;130;259;827
19;desktop;https://www.amazon.com.br/jardim-secreto-integral-Cl%C3%A1ssicos-Aut%C3%AAntica/dp/6586040388/?_encoding=UTF8&_encoding=UTF8&ref_=dlx_deals_sc_dcl_img_dt_dealz_tdwdg&pd_rd_w=ldAXT&content-id=amzn1.sym.1ed65279-b37e-40df-aa20-e31d0af03a37&pf_rd_p=1ed65279-b37e-40df-aa20-e31d0af03a37&pf_rd_r=EF4999Z3VD9CBHZTEZDC&pd_rd_wg=iZTDR&pd_rd_r=b434f122-84ed-4f86-8991-0578f6577bb3;0;91;257;744
19;iphone;https://www.amazon.com.br/jardim-secreto-integral-Cl%C3%A1ssicos-Aut%C3%AAntica/dp/6586040388/?_encoding=UTF8&_encoding=UTF8&ref_=dlx_deals_sc_dcl_img_dt_dealz_tdwdg&pd_rd_w=ldAXT&content-id=amzn1.sym.1ed65279-b37e-40df-aa20-e31d0af03a37&pf_rd_p=1ed65279-b37e-40df-aa20-e31d0af03a37&pf_rd_r=EF4999Z3VD9CBHZTEZDC&pd_rd_wg=iZTDR&pd_rd_r=b434f122-84ed-4f86-8991-0578f6577bb3;0;36;2599;3077
19;desktop;https://www.magazineluiza.com.br/teclado-musical-arranjador-61-teclas-hk-935-midi-profissional-sensitive-usb-visor-lcd-fonte-bivolt-suporte-partitura-hkeyboard/p/gf006579gk/im/tear/;0;62;707;4374
19;iphone;https://www.magazineluiza.com.br/teclado-musical-arranjador-61-teclas-hk-935-midi-profissional-sensitive-usb-visor-lcd-fonte-bivolt-suporte-partitura-hkeyboard/p/gf006579gk/im/tear/;0;77;520;3841
20;desktop;https://www.kabum.com.br;0;28;51;4303
20;iphone;https://www.kabum.com.br;0;39;69;4244
20;desktop;https://www.pichau.com.br;0;48;71;308
20;iphone;https://www.pichau.com.br;0;47;73;321
20;desktop;https://www.amazon.com.br;0;47;450;833
20;iphone;https://www.amazon.com.br;0;39;411;558
20;desktop;https://www.magazineluiza.com.br;0;36;119;3579
20;iphone;https://www.magazineluiza.com.br;0;54;74;3572
20;desktop;https://www.kabum.com.br/lancamentos;0;57;496;2838
20;iphone;https://www.kabum.com.br/lancamentos;0;27;404;5905
20;desktop;https://www.pichau.com.br/kit-upgrade;0;33;66;351
20;iphone;https://www.pichau.com.br/kit-upgrade;0;34;59;374
20;desktop;https://www.amazon.com.br/Livros/b/?ie=UTF8&node=6740748011&ref_=nav_cs_books;0;29;422;857
20;iphone;https://www.amazon.com.br/Livros/b/?ie=UTF8&node=6740748011&ref_=nav_cs_books;226;227;970;1517
20;desktop;https://www.magazineluiza.com.br/celulares-e-smartphones/l/te/;0;65;98;7294
20;iphone;https://www.magazineluiza.com.br/celulares-e-smartphones/l/te/;0;72;95;6684
20;desktop;https://www.kabum.com.br/perifericos/teclado-mouse;0;41;639;6697
20;iphone;https://www.kabum.com.br/perifericos/teclado-mouse;0;28;657;3111
20;desktop;https://www.pichau.com.br/search?q=mouse;0;45;71;285
20;iphone;https://www.pichau.com.br/search?q=mouse;0;30;54;344
20;desktop;https://www.amazon.com.br/s?k=sony&__mk_pt_BR=%C3%85M%C3%85%C5%BD%C3%95%C3%91&crid=39DHSDR8LN8N7&sprefix=sony%2Caps%2C214&ref=nb_sb_noss_2;0;41;179;256
20;iphone;https://www.amazon.com.br/s?k=sony&__mk_pt_BR=%C3%85M%C3%85%C5%BD%C3%95%C3%91&crid=39DHSDR8LN8N7&sprefix=sony%2Caps%2C214&ref=nb_sb_noss_2;0;43;1283;1751
20;desktop;https://www.magazineluiza.com.br/busca/teclado/;0;40;63;6325
20;iphone;https://www.magazineluiza.com.br/busca/teclado/;0;52;2426;7560
20;desktop;https://www.kabum.com.br/produto/415702/teclado-e-mouse-sem-fio-dell-km3322w-usb-abnt2-preto-580-bbbb;0;42;338;4706
20;iphone;https://www.kabum.com.br/produto/415702/teclado-e-mouse-sem-fio-dell-km3322w-usb-abnt2-preto-580-bbbb;0;30;601;9732
20;desktop;https://www.kabum.com.br/produto/519619/kit-smartphone-samsung-galaxy-s24-512gb-12gb-creme-smartwatch-samsung-galaxy-watch6-bt-44mm;0;30;367;3151
20;iphone;https://www.kabum.com.br/produto/519619/kit-smartphone-samsung-galaxy-s24-512gb-12gb-creme-smartwatch-samsung-galaxy-watch6-bt-44mm;0;27;65;2769
20;desktop;https://www.pichau.com.br/mouse-logitech-pop-mouse-4000dpi-4-botoes-rosa-heartbreaker-910-006551;0;28;53;345
20;iphone;https://www.pichau.com.br/mouse-logitech-pop-mouse-4000dpi-4-botoes-rosa-heartbreaker-910-006551;0;33;58;319
20;desktop;https://www.amazon.com.br/jardim-secreto-integral-Cl%C3%A1ssicos-Aut%C3%AAntica/dp/6586040388/?_encoding=UTF8&_encoding=UTF8&ref_=dlx_deals_sc_dcl_img_dt_dealz_tdwdg&pd_rd_w=ldAXT&content-id=amzn1.sym.1ed65279-b37e-40df-aa20-e31d0af03a37&pf_rd_p=1ed65279-b37e-40df-aa20-e31d0af03a37&pf_rd_r=EF4999Z3VD9CBHZTEZDC&pd_rd_wg=iZTDR&pd_rd_r=b434f122-84ed-4f86-8991-0578f6577bb3;0;34;167;669
20;iphone;https://www.amazon.com.br/jardim-secreto-integral-Cl%C3%A1ssicos-Aut%C3%AAntica/dp/6586040388/?_encoding=UTF8&_encoding=UTF8&ref_=dlx_deals_sc_dcl_img_dt_dealz_tdwdg&pd_rd_w=ldAXT&content-id=amzn1.sym.1ed65279-b37e-40df-aa20-e31d0af03a37&pf_rd_p=1ed65279-b37e-40df-aa20-e31d0af03a37&pf_rd_r=EF4999Z3VD9CBHZTEZDC&pd_rd_wg=iZTDR&pd_rd_r=b434f122-84ed-4f86-8991-0578f6577bb3;0;34;2335;2760
20;desktop;https://www.magazineluiza.com.br/teclado-musical-arranjador-61-teclas-hk-935-midi-profissional-sensitive-usb-visor-lcd-fonte-bivolt-suporte-partitura-hkeyboard/p/gf006579gk/im/tear/;0;65;543;3726
20;iphone;https://www.magazineluiza.com.br/teclado-musical-arranjador-61-teclas-hk-935-midi-profissional-sensitive-usb-visor-lcd-fonte-bivolt-suporte-partitura-hkeyboard/p/gf006579gk/im/tear/;0;56;1233;4196
21;desktop;https://www.kabum.com.br;0;36;67;4458
21;iphone;https://www.kabum.com.br;0;34;59;3691
21;desktop;https://www.pichau.com.br;0;55;82;306
21;iphone;https://www.pichau.com.br;0;38;66;340
21;desktop;https://www.amazon.com.br;0;33;163;652
21;iphone;https://www.amazon.com.br;0;32;655;846
21;desktop;https://www.magazineluiza.com.br;0;36;55;2851
21;iphone;https://www.magazineluiza.com.br;0;50;65;3456
21;desktop;https://www.kabum.com.br/lancamentos;0;43;492;5865
21;iphone;https://www.kabum.com.br/lancamentos;0;27;482;2677
21;desktop;https://www.pichau.com.br/kit-upgrade;0;36;53;258
21;iphone;https://www.pichau.com.br/kit-upgrade;0;34;68;497
21;desktop;https://www.amazon.com.br/Livros/b/?ie=UTF8&node=6740748011&ref_=nav_cs_books;0;65;462;888
21;iphone;https://www.amazon.com.br/Livros/b/?ie=UTF8&node=6740748011&ref_=nav_cs_books;258;260;980;1586
21;desktop;https://www.magazineluiza.com.br/celulares-e-smartphones/l/te/;0;60;1983;7215
21;iphone;https://www.magazineluiza.com.br/celulares-e-smartphones/l/te/;0;53;74;3045
21;desktop;https://www.kabum.com.br/perifericos/teclado-mouse;0;28;495;3473
21;iphone;https://www.kabum.com.br/perifericos/teclado-mouse;0;29;673;3035
21;desktop;https://www.pichau.com.br/search?q=mouse;0;34;61;338
21;iphone;https://www.pichau.com.br/search?q=mouse;0;24;41;385
21;desktop;https://www.amazon.com.br/s?k=sony&__mk_pt_BR=%C3%85M%C3%85%C5%BD%C3%95%C3%91&crid=39DHSDR8LN8N7&sprefix=sony%2Caps%2C214&ref=nb_sb_noss_2;0;39;1083;1830
21;iphone;https://www.amazon.com.br/s?k=sony&__mk_pt_BR=%C3%85M%C3%85%C5%BD%C3%95%C3%91&crid=39DHSDR8LN8N7&sprefix=sony%2Caps%2C214&ref=nb_sb_noss_2;0;40;1250;1621
21;desktop;https://www.magazineluiza.com.br/busca/teclado/;timeout;timeout;timeout;timeout
21;iphone;https://www.magazineluiza.com.br/busca/teclado/;timeout;timeout;timeout;timeout
21;desktop;https://www.kabum.com.br/produto/415702/teclado-e-mouse-sem-fio-dell-km3322w-usb-abnt2-preto-580-bbbb;0;43;286;4008
21;iphone;https://www.kabum.com.br/produto/415702/teclado-e-mouse-sem-fio-dell-km3322w-usb-abnt2-preto-580-bbbb;0;27;247;3111
21;desktop;https://www.kabum.com.br/produto/519619/kit-smartphone-samsung-galaxy-s24-512gb-12gb-creme-smartwatch-samsung-galaxy-watch6-bt-44mm;0;35;75;7990
21;iphone;https://www.kabum.com.br/produto/519619/kit-smartphone-samsung-galaxy-s24-512gb-12gb-creme-smartwatch-samsung-galaxy-watch6-bt-44mm;0;35;280;3102
21;desktop;https://www.pichau.com.br/mouse-logitech-pop-mouse-4000dpi-4-botoes-rosa-heartbreaker-910-006551;0;37;60;330
21;iphone;https://www.pichau.com.br/mouse-logitech-pop-mouse-4000dpi-4-botoes-rosa-heartbreaker-910-006551;0;28;62;318
21;desktop;https://www.amazon.com.br/jardim-secreto-integral-Cl%C3%A1ssicos-Aut%C3%AAntica/dp/6586040388/?_encoding=UTF8&_encoding=UTF8&ref_=dlx_deals_sc_dcl_img_dt_dealz_tdwdg&pd_rd_w=ldAXT&content-id=amzn1.sym.1ed65279-b37e-40df-aa20-e31d0af03a37&pf_rd_p=1ed65279-b37e-40df-aa20-e31d0af03a37&pf_rd_r=EF4999Z3VD9CBHZTEZDC&pd_rd_wg=iZTDR&pd_rd_r=b434f122-84ed-4f86-8991-0578f6577bb3;0;39;179;669
21;iphone;https://www.amazon.com.br/jardim-secreto-integral-Cl%C3%A1ssicos-Aut%C3%AAntica/dp/6586040388/?_encoding=UTF8&_encoding=UTF8&ref_=dlx_deals_sc_dcl_img_dt_dealz_tdwdg&pd_rd_w=ldAXT&content-id=amzn1.sym.1ed65279-b37e-40df-aa20-e31d0af03a37&pf_rd_p=1ed65279-b37e-40df-aa20-e31d0af03a37&pf_rd_r=EF4999Z3VD9CBHZTEZDC&pd_rd_wg=iZTDR&pd_rd_r=b434f122-84ed-4f86-8991-0578f6577bb3;0;36;2235;2756
21;desktop;https://www.magazineluiza.com.br/teclado-musical-arranjador-61-teclas-hk-935-midi-profissional-sensitive-usb-visor-lcd-fonte-bivolt-suporte-partitura-hkeyboard/p/gf006579gk/im/tear/;0;76;726;8155
21;iphone;https://www.magazineluiza.com.br/teclado-musical-arranjador-61-teclas-hk-935-midi-profissional-sensitive-usb-visor-lcd-fonte-bivolt-suporte-partitura-hkeyboard/p/gf006579gk/im/tear/;0;61;974;3955
22;desktop;https://www.kabum.com.br;0;118;142;4725
22;iphone;https://www.kabum.com.br;0;235;276;4946
22;desktop;https://www.pichau.com.br;0;48;74;405
22;iphone;https://www.pichau.com.br;0;33;62;554
22;desktop;https://www.amazon.com.br;0;268;401;1069
22;iphone;https://www.amazon.com.br;0;246;1001;1473
22;desktop;https://www.magazineluiza.com.br;0;32;51;4657
22;iphone;https://www.magazineluiza.com.br;0;64;76;3252
22;desktop;https://www.kabum.com.br/lancamentos;0;32;488;3910
22;iphone;https://www.kabum.com.br/lancamentos;0;28;562;3159
22;desktop;https://www.pichau.com.br/kit-upgrade;0;28;51;323
22;iphone;https://www.pichau.com.br/kit-upgrade;0;28;52;354
22;desktop;https://www.amazon.com.br/Livros/b/?ie=UTF8&node=6740748011&ref_=nav_cs_books;0;53;296;738
22;iphone;https://www.amazon.com.br/Livros/b/?ie=UTF8&node=6740748011&ref_=nav_cs_books;232;234;1047;1532
22;desktop;https://www.magazineluiza.com.br/celulares-e-smartphones/l/te/;0;54;912;6491
22;iphone;https://www.magazineluiza.com.br/celulares-e-smartphones/l/te/;0;54;810;3697
22;desktop;https://www.kabum.com.br/perifericos/teclado-mouse;0;40;492;3071
22;iphone;https://www.kabum.com.br/perifericos/teclado-mouse;0;35;640;3498
22;desktop;https://www.pichau.com.br/search?q=mouse;0;26;49;423
22;iphone;https://www.pichau.com.br/search?q=mouse;0;137;274;859
22;desktop;https://www.amazon.com.br/s?k=sony&__mk_pt_BR=%C3%85M%C3%85%C5%BD%C3%95%C3%91&crid=39DHSDR8LN8N7&sprefix=sony%2Caps%2C214&ref=nb_sb_noss_2;0;37;168;226
22;iphone;https://www.amazon.com.br/s?k=sony&__mk_pt_BR=%C3%85M%C3%85%C5%BD%C3%95%C3%91&crid=39DHSDR8LN8N7&sprefix=sony%2Caps%2C214&ref=nb_sb_noss_2;0;28;1423;1709
22;desktop;https://www.magazineluiza.com.br/busca/teclado/;0;46;2257;6733
22;iphone;https://www.magazineluiza.com.br/busca/teclado/;0;56;85;9199
22;desktop;https://www.kabum.com.br/produto/415702/teclado-e-mouse-sem-fio-dell-km3322w-usb-abnt2-preto-580-bbbb;0;40;289;4113
22;iphone;https://www.kabum.com.br/produto/415702/teclado-e-mouse-sem-fio-dell-km3322w-usb-abnt2-preto-580-bbbb;0;36;294;6268
22;desktop;https://www.kabum.com.br/produto/519619/kit-smartphone-samsung-galaxy-s24-512gb-12gb-creme-smartwatch-samsung-galaxy-watch6-bt-44mm;0;51;301;2705
22;iphone;https://www.kabum.com.br/produto/519619/kit-smartphone-samsung-galaxy-s24-512gb-12gb-creme-smartwatch-samsung-galaxy-watch6-bt-44mm;0;38;68;2940
22;desktop;https://www.pichau.com.br/mouse-logitech-pop-mouse-4000dpi-4-botoes-rosa-heartbreaker-910-006551;0;25;44;258
22;iphone;https://www.pichau.com.br/mouse-logitech-pop-mouse-4000dpi-4-botoes-rosa-heartbreaker-910-006551;0;133;268;859
22;desktop;https://www.amazon.com.br/jardim-secreto-integral-Cl%C3%A1ssicos-Aut%C3%AAntica/dp/6586040388/?_encoding=UTF8&_encoding=UTF8&ref_=dlx_deals_sc_dcl_img_dt_dealz_tdwdg&pd_rd_w=ldAXT&content-id=amzn1.sym.1ed65279-b37e-40df-aa20-e31d0af03a37&pf_rd_p=1ed65279-b37e-40df-aa20-e31d0af03a37&pf_rd_r=EF4999Z3VD9CBHZTEZDC&pd_rd_wg=iZTDR&pd_rd_r=b434f122-84ed-4f86-8991-0578f6577bb3;0;39;428;912
22;iphone;https://www.amazon.com.br/jardim-secreto-integral-Cl%C3%A1ssicos-Aut%C3%AAntica/dp/6586040388/?_encoding=UTF8&_encoding=UTF8&ref_=dlx_deals_sc_dcl_img_dt_dealz_tdwdg&pd_rd_w=ldAXT&content-id=amzn1.sym.1ed65279-b37e-40df-aa20-e31d0af03a37&pf_rd_p=1ed65279-b37e-40df-aa20-e31d0af03a37&pf_rd_r=EF4999Z3VD9CBHZTEZDC&pd_rd_wg=iZTDR&pd_rd_r=b434f122-84ed-4f86-8991-0578f6577bb3;0;36;2505;2899
22;desktop;https://www.magazineluiza.com.br/teclado-musical-arranjador-61-teclas-hk-935-midi-profissional-sensitive-usb-visor-lcd-fonte-bivolt-suporte-partitura-hkeyboard/p/gf006579gk/im/tear/;0;29;912;4137
22;iphone;https://www.magazineluiza.com.br/teclado-musical-arranjador-61-teclas-hk-935-midi-profissional-sensitive-usb-visor-lcd-fonte-bivolt-suporte-partitura-hkeyboard/p/gf006579gk/im/tear/;0;98;1014;4006
23;desktop;https://www.kabum.com.br;0;37;67;3793
23;iphone;https://www.kabum.com.br;0;30;54;6193
23;desktop;https://www.pichau.com.br;0;44;68;321
23;iphone;https://www.pichau.com.br;0;30;55;345
23;desktop;https://www.amazon.com.br;0;42;272;758
23;iphone;https://www.amazon.com.br;0;30;551;856
23;desktop;https://www.magazineluiza.com.br;0;43;72;3185
23;iphone;https://www.magazineluiza.com.br;0;55;74;3396
23;desktop;https://www.kabum.com.br/lancamentos;0;47;68;3504
23;iphone;https://www.kabum.com.br/lancamentos;0;41;417;3121
23;desktop;https://www.pichau.com.br/kit-upgrade;0;43;70;293
23;iphone;https://www.pichau.com.br/kit-upgrade;0;35;63;306
23;desktop;https://www.amazon.com.br/Livros/b/?ie=UTF8&node=6740748011&ref_=nav_cs_books;0;51;441;836
23;iphone;https://www.amazon.com.br/Livros/b/?ie=UTF8&node=6740748011&ref_=nav_cs_books;227;229;961;1517
23;desktop;https://www.magazineluiza.com.br/celulares-e-smartphones/l/te/;0;64;1101;6525
23;iphone;https://www.magazineluiza.com.br/celulares-e-smartphones/l/te/;0;77;99;3952
23;desktop;https://www.kabum.com.br/perifericos/teclado-mouse;0;32;552;3610
23;iphone;https://www.kabum.com.br/perifericos/teclado-mouse;0;31;510;3473
23;desktop;https://www.pichau.com.br/search?q=mouse;0;32;57;326
23;iphone;https://www.pichau.com.br/search?q=mouse;0;26;42;280
23;desktop;https://www.amazon.com.br/s?k=sony&__mk_pt_BR=%C3%85M%C3%85%C5%BD%C3%95%C3%91&crid=39DHSDR8LN8N7&sprefix=sony%2Caps%2C214&ref=nb_sb_noss_2;0;44;947;1658
23;iphone;https://www.amazon.com.br/s?k=sony&__mk_pt_BR=%C3%85M%C3%85%C5%BD%C3%95%C3%91&crid=39DHSDR8LN8N7&sprefix=sony%2Caps%2C214&ref=nb_sb_noss_2;0;64;1232;1594
23;desktop;https://www.magazineluiza.com.br/busca/teclado/;0;50;3005;7605
23;iphone;https://www.magazineluiza.com.br/busca/teclado/;0;106;202;5972
23;desktop;https://www.kabum.com.br/produto/415702/teclado-e-mouse-sem-fio-dell-km3322w-usb-abnt2-preto-580-bbbb;0;43;297;3889
23;iphone;https://www.kabum.com.br/produto/415702/teclado-e-mouse-sem-fio-dell-km3322w-usb-abnt2-preto-580-bbbb;0;41;289;2763
23;desktop;https://www.kabum.com.br/produto/519619/kit-smartphone-samsung-galaxy-s24-512gb-12gb-creme-smartwatch-samsung-galaxy-watch6-bt-44mm;0;28;73;2735
23;iphone;https://www.kabum.com.br/produto/519619/kit-smartphone-samsung-galaxy-s24-512gb-12gb-creme-smartwatch-samsung-galaxy-watch6-bt-44mm;0;29;289;4361
23;desktop;https://www.pichau.com.br/mouse-logitech-pop-mouse-4000dpi-4-botoes-rosa-heartbreaker-910-006551;0;34;63;301
23;iphone;https://www.pichau.com.br/mouse-logitech-pop-mouse-4000dpi-4-botoes-rosa-heartbreaker-910-006551;0;20;45;420
23;desktop;https://www.amazon.com.br/jardim-secreto-integral-Cl%C3%A1ssicos-Aut%C3%AAntica/dp/6586040388/?_encoding=UTF8&_encoding=UTF8&ref_=dlx_deals_sc_dcl_img_dt_dealz_tdwdg&pd_rd_w=ldAXT&content-id=amzn1.sym.1ed65279-b37e-40df-aa20-e31d0af03a37&pf_rd_p=1ed65279-b37e-40df-aa20-e31d0af03a37&pf_rd_r=EF4999Z3VD9CBHZTEZDC&pd_rd_wg=iZTDR&pd_rd_r=b434f122-84ed-4f86-8991-0578f6577bb3;0;35;169;679
23;iphone;https://www.amazon.com.br/jardim-secreto-integral-Cl%C3%A1ssicos-Aut%C3%AAntica/dp/6586040388/?_encoding=UTF8&_encoding=UTF8&ref_=dlx_deals_sc_dcl_img_dt_dealz_tdwdg&pd_rd_w=ldAXT&content-id=amzn1.sym.1ed65279-b37e-40df-aa20-e31d0af03a37&pf_rd_p=1ed65279-b37e-40df-aa20-e31d0af03a37&pf_rd_r=EF4999Z3VD9CBHZTEZDC&pd_rd_wg=iZTDR&pd_rd_r=b434f122-84ed-4f86-8991-0578f6577bb3;0;34;2368;3059
23;desktop;https://www.magazineluiza.com.br/teclado-musical-arranjador-61-teclas-hk-935-midi-profissional-sensitive-usb-visor-lcd-fonte-bivolt-suporte-partitura-hkeyboard/p/gf006579gk/im/tear/;0;68;100;4350
23;iphone;https://www.magazineluiza.com.br/teclado-musical-arranjador-61-teclas-hk-935-midi-profissional-sensitive-usb-visor-lcd-fonte-bivolt-suporte-partitura-hkeyboard/p/gf006579gk/im/tear/;0;69;1142;4641
24;desktop;https://www.kabum.com.br;0;40;61;4713
24;iphone;https://www.kabum.com.br;0;32;57;3907
24;desktop;https://www.pichau.com.br;0;27;52;459
24;iphone;https://www.pichau.com.br;0;32;59;352
24;desktop;https://www.amazon.com.br;0;46;341;819
24;iphone;https://www.amazon.com.br;0;31;669;900
24;desktop;https://www.magazineluiza.com.br;0;67;85;4403
24;iphone;https://www.magazineluiza.com.br;0;53;63;3273
24;desktop;https://www.kabum.com.br/lancamentos;0;49;70;2986
24;iphone;https://www.kabum.com.br/lancamentos;0;30;563;2781
24;desktop;https://www.pichau.com.br/kit-upgrade;0;130;258;830
24;iphone;https://www.pichau.com.br/kit-upgrade;0;32;63;346
24;desktop;https://www.amazon.com.br/Livros/b/?ie=UTF8&node=6740748011&ref_=nav_cs_books;0;59;195;678
24;iphone;https://www.amazon.com.br/Livros/b/?ie=UTF8&node=6740748011&ref_=nav_cs_books;261;263;1020;1612
24;desktop;https://www.magazineluiza.com.br/celulares-e-smartphones/l/te/;0;64;965;6771
24;iphone;https://www.magazineluiza.com.br/celulares-e-smartphones/l/te/;0;70;97;3394
24;desktop;https://www.kabum.com.br/perifericos/teclado-mouse;0;42;564;3586
24;iphone;https://www.kabum.com.br/perifericos/teclado-mouse;0;38;562;3621
24;desktop;https://www.pichau.com.br/search?q=mouse;0;20;485;2229
24;iphone;https://www.pichau.com.br/search?q=mouse;timeout;timeout;timeout;timeout
24;desktop;https://www.amazon.com.br/s?k=sony&__mk_pt_BR=%C3%85M%C3%85%C5%BD%C3%95%C3%91&crid=39DHSDR8LN8N7&sprefix=sony%2Caps%2C214&ref=nb_sb_noss_2;0;144;292;364
24;iphone;https://www.amazon.com.br/s?k=sony&__mk_pt_BR=%C3%85M%C3%85%C5%BD%C3%95%C3%91&crid=39DHSDR8LN8N7&sprefix=sony%2Caps%2C214&ref=nb_sb_noss_2;0;45;1448;1726
24;desktop;https://www.magazineluiza.com.br/busca/teclado/;0;41;1395;5817
24;iphone;https://www.magazineluiza.com.br/busca/teclado/;0;209;312;5198
24;desktop;https://www.kabum.com.br/produto/415702/teclado-e-mouse-sem-fio-dell-km3322w-usb-abnt2-preto-580-bbbb;0;48;357;4438
24;iphone;https://www.kabum.com.br/produto/415702/teclado-e-mouse-sem-fio-dell-km3322w-usb-abnt2-preto-580-bbbb;0;31;276;2720
24;desktop;https://www.kabum.com.br/produto/519619/kit-smartphone-samsung-galaxy-s24-512gb-12gb-creme-smartwatch-samsung-galaxy-watch6-bt-44mm;0;34;339;4188
24;iphone;https://www.kabum.com.br/produto/519619/kit-smartphone-samsung-galaxy-s24-512gb-12gb-creme-smartwatch-samsung-galaxy-watch6-bt-44mm;0;40;68;2417
24;desktop;https://www.pichau.com.br/mouse-logitech-pop-mouse-4000dpi-4-botoes-rosa-heartbreaker-910-006551;0;41;1225;3418
24;iphone;https://www.pichau.com.br/mouse-logitech-pop-mouse-4000dpi-4-botoes-rosa-heartbreaker-910-006551;0;34;919;3065
24;desktop;https://www.amazon.com.br/jardim-secreto-integral-Cl%C3%A1ssicos-Aut%C3%AAntica/dp/6586040388/?_encoding=UTF8&_encoding=UTF8&ref_=dlx_deals_sc_dcl_img_dt_dealz_tdwdg&pd_rd_w=ldAXT&content-id=amzn1.sym.1ed65279-b37e-40df-aa20-e31d0af03a37&pf_rd_p=1ed65279-b37e-40df-aa20-e31d0af03a37&pf_rd_r=EF4999Z3VD9CBHZTEZDC&pd_rd_wg=iZTDR&pd_rd_r=b434f122-84ed-4f86-8991-0578f6577bb3;0;43;180;683
24;iphone;https://www.amazon.com.br/jardim-secreto-integral-Cl%C3%A1ssicos-Aut%C3%AAntica/dp/6586040388/?_encoding=UTF8&_encoding=UTF8&ref_=dlx_deals_sc_dcl_img_dt_dealz_tdwdg&pd_rd_w=ldAXT&content-id=amzn1.sym.1ed65279-b37e-40df-aa20-e31d0af03a37&pf_rd_p=1ed65279-b37e-40df-aa20-e31d0af03a37&pf_rd_r=EF4999Z3VD9CBHZTEZDC&pd_rd_wg=iZTDR&pd_rd_r=b434f122-84ed-4f86-8991-0578f6577bb3;0;31;2329;2879
24;desktop;https://www.magazineluiza.com.br/teclado-musical-arranjador-61-teclas-hk-935-midi-profissional-sensitive-usb-visor-lcd-fonte-bivolt-suporte-partitura-hkeyboard/p/gf006579gk/im/tear/;0;49;1044;4272
